PLAYER,TEAM,MINS,FGM,FGA,FG%,2PM,2PA,2P%,3PM,3PA,3P%,FTM,FTA,FT%,PTS,OFF,DEF,REB,AST,TO,STL,BLK,STK,PF,Fls on:,+/-,GW,GP
G. Danting,UST,6.3333333333,9.473684210576177,14.210526315864266,66.6666666667,4.736842105288089,4.736842105288089,100.0,4.736842105288089,9.473684210576177,50.0,0.0,4.736842105288089,0.0,23.684210526440445,0.0,4.736842105288089,4.736842105288089,0.0,0.0,0.0,0.0,0.0,0.0,4.736842105288089,9.473684210576177,0.0,1.0
K. Gamber,ADMU,6.404166666675,5.855562784637794,15.224463240058265,38.4615384615,0.0,2.3422251138551173,0.0,5.855562784637794,12.882238126203147,45.4545454545,0.0,0.0,0.0,17.566688353913385,0.0,3.5133376707826764,3.5133376707826764,3.5133376707826764,3.5133376707826764,0.0,0.0,0.0,1.1711125569275587,0.0,-12.882238126203147,1.0,4.0
J. Cagulangan,UP,24.09,6.475716064757161,14.694894146948942,44.0677966102,4.732254047322541,9.9626400996264,47.5,1.74346201743462,4.732254047322541,36.8421052632,1.99252801992528,2.4906600249066,80.0,16.687422166874224,1.99252801992528,3.48692403486924,5.47945205479452,7.4719800747198,1.99252801992528,1.2453300124533,0.0,1.2453300124533,1.4943960149439601,4.732254047322541,16.936488169364882,5.0,5.0
V. Marasigan,DLSU,10.216666666666667,6.36215334420881,13.213703099510605,48.1481481481,4.404567699836868,9.29853181076672,47.3684210526,1.9575856443719415,3.915171288743883,50.0,1.9575856443719415,3.915171288743883,50.0,16.639477977161505,2.4469820554649266,3.915171288743883,6.36215334420881,0.9787928221859707,2.9363784665579122,0.4893964110929854,0.0,0.4893964110929854,5.8727569331158245,3.4257748776508974,14.681892332789559,5.0,6.0
S. Tuano,ADMU,21.366666666660002,6.177847113886482,12.636505460222352,48.8888888889,5.6162246489877115,9.828393135728495,57.1428571429,0.5616224648987711,2.8081123244938557,20.0,3.6505460218420125,9.54758190327911,38.2352941176,16.567862714513748,2.8081123244938557,2.5273010920444703,5.335413416538326,1.4040561622469279,2.8081123244938557,1.4040561622469279,0.0,1.4040561622469279,2.5273010920444703,5.6162246489877115,-6.458658346335868,1.0,5.0
F. Lopez,UP,17.39333333332,5.5193560751288,10.693752395562049,51.6129032258,5.1743963204332495,7.5891146033021,68.1818181818,0.34495975469555,3.1046377922599495,11.1111111111,5.1743963204332495,7.93407435799765,65.2173913043,16.5580682253864,0.6899195093911,7.2441548486065495,7.93407435799765,2.7596780375644,3.79455730165105,0.6899195093911,2.41471828286885,3.1046377922599495,3.4495975469554994,6.55423533921545,4.1395170563466,5.0,5.0
K. Quiambao,DLSU,29.497222222233333,5.763254543740178,14.916658819092225,38.6363636364,3.7291647047730563,7.797344382707299,47.8260869565,2.0340898389671214,7.119314436384926,28.5714285714,2.542612298708902,3.7291647047730563,68.1818181818,16.10321122515638,2.2035973255477153,6.610791976643145,8.814389302190861,5.932762030320771,3.7291647047730563,1.3560598926447478,0.16950748658059347,1.5255673792253412,1.0170449194835607,4.4071946510954305,11.187494114319168,5.0,6.0
D. Dungo,DLSU,10.030555555533333,3.987815009701441,8.474106895615561,47.0588235294,1.4954306286380403,2.4923843810634008,60.0,2.4923843810634008,5.981722514552161,41.6666666667,4.9847687621268015,4.9847687621268015,100.0,15.452783162593084,1.4954306286380403,2.9908612572760807,4.486291885914121,3.987815009701441,2.4923843810634008,0.4984768762126801,0.0,0.4984768762126801,3.4893381334887605,4.486291885914121,4.486291885914121,5.0,6.0
G. Wilson,UE,15.993333333339999,5.2521884118360775,9.754064193409858,53.8461538462,4.126719466442632,7.503126302622967,55.0,1.125468945393445,2.25093789078689,50.0,3.7515631513114833,4.50187578157378,83.3333333333,15.381408920377083,1.125468945393445,1.8757815756557417,3.0012505210491867,2.6260942059180388,2.6260942059180388,1.125468945393445,0.0,1.125468945393445,1.125468945393445,3.3764068361803354,4.877032096704929,3.0,5.0
M. Montebon,AdU,20.4361111111,4.648633954059888,12.967242082377581,35.8490566038,2.935979339406245,6.850618458614572,42.8571428571,1.712654614653643,6.116623623763011,28.0,4.159304064158847,4.893298899010408,85.0,15.169226586932265,0.7339948348515613,3.425309229307286,4.159304064158847,3.1806442843567653,3.1806442843567653,1.712654614653643,0.24466494495052044,1.9573195596041635,1.9573195596041635,3.914639119208327,-1.4679896697031225,3.0,6.0
N. Cabanero,UST,26.610000000000003,5.636978579481397,13.75422773393461,40.9836065574,4.284103720405862,8.342728297632469,51.3513513514,1.3528748590755355,5.411499436302142,25.0,2.480270574971815,4.509582863585118,55.0,15.107102593010145,1.1273957158962795,3.3821871476888385,4.509582863585118,2.029312288613303,0.4509582863585118,0.9019165727170236,0.2254791431792559,1.1273957158962795,2.254791431792559,4.735062006764374,4.058624577226606,3.0,5.0
M. Phillips,DLSU,22.97222222221667,5.659008464330268,12.623941958890597,44.8275862069,5.441354292625258,11.100362756955526,49.0196078431,0.21765417170501034,1.5235792019350722,14.2857142857,2.829504232165134,5.441354292625258,52.0,14.365175332530681,5.876662636035278,10.012091898430473,15.888754534465754,2.829504232165134,3.4824667472801654,2.176541717050103,1.305925030230062,3.4824667472801654,2.829504232165134,5.223700120920248,7.835550181380371,5.0,6.0
R. Gonzales,DLSU,13.005555555533334,6.151217428459891,9.611277231968579,64.0,5.766766339181148,9.226826142689836,62.5,0.38445108927874316,0.38445108927874316,100.0,1.5378043571149727,2.306706535672459,66.6666666667,14.224690303313496,3.0756087142299453,4.613413071344918,7.689021785574863,2.306706535672459,3.0756087142299453,3.0756087142299453,0.7689021785574863,3.8445108927874316,3.8445108927874316,1.5378043571149727,9.226826142689836,5.0,6.0
K. Perciano,NU,5.672222222233334,7.051909892248674,12.340842311435178,57.1428571429,7.051909892248674,12.340842311435178,57.1428571429,0.0,0.0,0.0,0.0,0.0,0.0,14.103819784497349,0.0,2.6444662095932525,2.6444662095932525,0.0,3.525954946124337,0.8814887365310843,0.0,0.8814887365310843,9.696376101841926,0.0,-38.7855044073677,1.0,6.0
D. Ududo,UP,10.28,5.252918287937744,14.007782101167315,37.5,5.252918287937744,14.007782101167315,37.5,0.0,0.0,0.0,3.501945525291829,7.003891050583658,50.0,14.007782101167315,7.587548638132295,4.669260700389105,12.2568093385214,0.5836575875486382,2.3346303501945527,0.5836575875486382,1.1673151750972763,1.7509727626459144,7.587548638132295,7.587548638132295,1.1673151750972763,5.0,5.0
T. Fortea,UP,13.39666666666,4.478726051258761,8.509579497391645,52.6315789474,1.3436178153776281,2.2393630256293804,60.0,3.135108235881132,6.270216471762264,50.0,1.7914904205035043,3.135108235881132,57.1428571429,13.884050758902157,0.44787260512587607,4.478726051258761,4.926598656384637,4.478726051258761,2.6872356307552563,2.2393630256293804,0.0,2.2393630256293804,4.926598656384637,1.7914904205035043,9.853197312769273,5.0,5.0
H. Alarcon,UP,16.616666666660002,4.694082246742104,10.832497492481778,43.3333333333,3.6108324974939263,7.943831494486637,45.4545454545,1.0832497492481779,2.888665997995141,37.5,3.2497492477445333,3.2497492477445333,100.0,13.721163490476918,0.7221664994987852,5.777331995990282,6.499498495489067,2.888665997995141,1.8054162487469632,0.7221664994987852,0.7221664994987852,1.4443329989975704,3.6108324974939263,3.2497492477445333,19.4984954864672,5.0,5.0
C. Manaytay,UST,18.66,5.144694533762058,8.360128617363344,61.5384615385,4.501607717041801,6.752411575562701,66.6666666667,0.6430868167202572,1.607717041800643,40.0,2.2508038585209005,2.893890675241158,77.7777777778,13.183279742765274,1.607717041800643,3.858520900321543,5.466237942122186,2.572347266881029,3.215434083601286,1.2861736334405145,0.0,1.2861736334405145,3.858520900321543,3.215434083601286,-1.2861736334405145,3.0,5.0
J. Bautista,FEU,28.900000000000002,5.017301038062284,16.089965397923876,31.1827956989,3.4602076124567476,9.515570934256056,36.3636363636,1.5570934256055362,6.5743944636678195,23.6842105263,1.384083044982699,1.903114186851211,72.7272727273,12.975778546712801,0.34602076124567477,3.6332179930795845,3.979238754325259,1.5570934256055362,1.0380622837370241,1.384083044982699,0.0,1.384083044982699,2.422145328719723,2.422145328719723,-0.5190311418685121,1.0,6.0
R. Jumamoy,NU,13.772222222233333,3.630496167806671,17.78943122225269,20.4081632653,2.178297700684003,9.802339653078013,22.2222222222,1.4521984671226686,7.9870915691746776,18.1818181818,3.9935457845873388,4.356595401368006,91.6666666667,12.70673658732335,1.8152480839033356,2.9043969342453373,4.719645018148673,2.9043969342453373,3.9935457845873388,2.9043969342453373,0.36304961678066716,3.2674465510260045,2.54134731746467,5.808793868490675,-2.54134731746467,1.0,6.0
M. Belmonte,UP,13.93999999998,5.595408895273451,12.051649928281279,46.4285714286,4.734576757539074,9.469153515078148,50.0,0.8608321377343771,2.582496413203131,33.3333333333,0.43041606886718853,0.43041606886718853,100.0,12.482065997148467,2.1520803443359426,5.595408895273451,7.747489239609394,2.582496413203131,2.1520803443359426,0.43041606886718853,0.8608321377343771,1.2912482066015656,2.582496413203131,2.1520803443359426,18.938307030156295,5.0,5.0
Q. Millora-Brown,UP,20.34,3.83480825958702,7.66961651917404,50.0,3.5398230088495577,7.079646017699115,50.0,0.2949852507374631,0.5899705014749262,50.0,4.424778761061947,5.899705014749263,75.0,12.389380530973451,4.71976401179941,10.32448377581121,15.044247787610619,0.8849557522123894,1.7699115044247788,0.0,1.4749262536873158,1.4749262536873158,3.2448377581120944,6.784660766961652,19.764011799410028,5.0,5.0
W. Lingolingo,UE,23.62666666666,3.8092550790078468,11.173814898423018,34.0909090909,0.7618510158015693,3.0474040632062773,25.0,3.0474040632062773,8.126410835216738,37.5,1.5237020316031387,1.5237020316031387,100.0,12.18961625282511,2.2855530474047083,4.063205417608369,6.348758465013078,0.7618510158015693,0.7618510158015693,1.2697516930026156,0.0,1.2697516930026156,3.3013544018068006,1.777652370203662,2.0316027088041846,3.0,5.0
E. Gollena,DLSU,16.85555555555,3.559657218194977,8.009228740938697,44.4444444444,2.0764667106137367,5.042847725776217,41.1764705882,1.4831905075812404,2.9663810151624808,50.0,3.559657218194977,5.042847725776217,70.5882352941,12.16216216216617,2.9663810151624808,1.1865524060649921,4.152933421227473,0.8899143045487442,1.7798286090974884,1.1865524060649921,0.29663810151624803,1.4831905075812404,3.263019116678729,3.8562953197112244,5.636123928808713,5.0,6.0
A. Acido,UST,9.436666666659999,3.814906393503225,9.537265983758063,40.0,0.6358177322505375,1.9074531967516124,33.3333333333,3.1790886612526874,7.62981278700645,41.6666666667,1.271635464501075,1.271635464501075,100.0,12.080536912760213,2.54327092900215,5.722359590254838,8.265630519256987,1.9074531967516124,1.9074531967516124,0.0,0.0,0.0,1.9074531967516124,1.271635464501075,-9.537265983758063,3.0,5.0
H. Agunanne,DLSU,16.286111111100002,5.21917107283317,12.587412587421174,41.4634146341,5.21917107283317,11.359372334989839,45.9459459459,0.0,1.228040252431334,0.0,1.5350503155391677,3.3771106941861686,45.4545454545,11.973392461205508,5.833191199048837,7.675251577695838,13.508442776744674,0.9210301893235006,4.605150946617503,1.228040252431334,0.9210301893235006,2.149070441754835,2.763090567970502,3.9911308204018354,-0.3070100631078335,5.0,6.0
M. Tounkara,UST,28.189999999999998,4.682511528910961,10.21638879035119,45.8333333333,4.469670095778645,8.726498758424974,51.2195121951,0.21284143313231643,1.4898900319262152,14.2857142857,2.3412557644554806,2.9797800638524303,78.5714285714,11.919120255409721,2.5540971975877973,5.533877261440228,8.087974459028025,1.2770485987938986,2.3412557644554806,1.0642071656615824,0.8513657325292657,1.915572898190848,2.5540971975877973,2.766938630720114,4.682511528910961,3.0,5.0
J. Abate,UE,23.93333333332,4.512534818944018,10.02785515320893,45.0,3.509749303623125,6.768802228416027,51.8518518519,1.002785515320893,3.2590529247929023,30.7692307692,1.7548746518115625,2.5069637883022327,70.0,11.782729805020493,2.256267409472009,3.008356545962679,5.264623955434688,1.7548746518115625,3.008356545962679,0.7520891364906698,0.0,0.7520891364906698,3.509749303623125,2.256267409472009,1.2534818941511163,3.0,5.0
S. Enriquez,NU,19.127777777766667,3.398199244846586,8.626198083072104,39.3939393939,1.0455997676451034,3.398199244846586,30.7692307692,2.352599477201483,5.227998838225517,45.0,2.6139994191127585,3.1367993029353105,83.3333333333,11.762997386007415,0.7841998257338276,2.8753993610240345,3.659599186757862,4.705198954402966,2.091199535290207,0.7841998257338276,0.0,0.7841998257338276,1.3069997095563792,3.1367993029353105,-4.182399070580414,1.0,6.0
M. Erolon,AdU,15.641666666650002,4.794885455519227,12.786361214717939,37.5,3.1965903036794847,6.712839637726918,47.619047619,1.5982951518397424,6.073521576991022,26.3157894737,0.31965903036794846,0.6393180607358969,50.0,11.507725093246146,0.31965903036794846,1.2786361214717938,1.5982951518397424,6.073521576991022,1.9179541822076909,1.9179541822076909,0.0,1.9179541822076909,2.8769312733115364,2.8769312733115364,2.5572722429435877,3.0,6.0
R. Maga,UE,17.31333333334,4.851752021561475,10.743165190600406,45.1612903226,3.4655371582581957,8.31728917981967,41.6666666667,1.3862148633032785,2.4258760107807373,57.1428571429,0.3465537158258196,0.3465537158258196,100.0,11.436272622252046,0.6931074316516392,1.3862148633032785,2.0793222949549177,1.3862148633032785,2.0793222949549177,1.3862148633032785,0.0,1.3862148633032785,2.0793222949549177,1.0396611474774589,-1.3862148633032785,3.0,5.0
J. Felicilda,UP,12.55416666665,4.779289744447102,9.558579488894203,50.0,2.9870560902794385,5.974112180558877,50.0,1.7922336541676631,3.5844673083353262,50.0,0.0,0.0,0.0,11.350813143061867,0.5974112180558877,2.389644872223551,2.9870560902794385,2.9870560902794385,1.7922336541676631,0.5974112180558877,0.0,0.5974112180558877,4.779289744447102,0.0,8.363757052782429,4.0,4.0
R. Mantua,AdU,14.538888888883333,4.126862820024504,8.941536110053093,46.1538461538,2.7512418800163365,5.15857852503063,53.3333333333,1.3756209400081683,3.782957585022462,36.3636363636,1.71952617501021,2.063431410012252,83.3333333333,11.348872755067386,0.6878104700040841,2.7512418800163365,3.43905235002042,2.4073366450142943,2.7512418800163365,0.6878104700040841,0.34390523500204206,1.031715705006126,3.43905235002042,1.71952617501021,-7.909820405046966,3.0,6.0
S. Torculas,UP,8.016666666666667,4.989604989604989,14.968814968814968,33.3333333333,4.989604989604989,12.474012474012474,40.0,0.0,2.4948024948024945,0.0,1.2474012474012472,2.4948024948024945,50.0,11.226611226611226,4.989604989604989,3.742203742203742,8.731808731808732,1.2474012474012472,4.989604989604989,1.2474012474012472,0.0,1.2474012474012472,2.4948024948024945,3.742203742203742,11.226611226611226,3.0,3.0
A. Nakai,FEU,8.5222222222,4.106910039124138,9.97392438073005,41.1764705882,2.3468057366423647,3.5202086049635466,66.6666666667,1.7601043024817733,6.4537157757665025,27.2727272727,1.1734028683211823,2.3468057366423647,50.0,11.147327249051232,0.5867014341605912,2.9335071708029554,3.5202086049635466,0.5867014341605912,1.7601043024817733,0.0,0.0,0.0,3.5202086049635466,1.7601043024817733,-5.28031290744532,1.0,6.0
I. Manansala,NU,21.74444444443333,3.4491568727661983,10.57741440981634,32.6086956522,3.2192130812484514,8.048032703121129,40.0,0.22994379151774655,2.529381706695212,9.0909090909,3.9090444558016917,5.28870720490817,73.9130434783,11.037301992851834,3.9090444558016917,5.058763413390424,8.967807869192114,1.1497189575887325,1.3796627491064792,1.3796627491064792,0.0,1.3796627491064792,2.529381706695212,4.368932038837184,1.6096065406242257,1.0,6.0
C. Manzano,AdU,21.633333333333336,3.697996918335901,9.244992295839753,40.0,3.697996918335901,9.244992295839753,40.0,0.0,0.0,0.0,3.466872110939907,4.391371340523882,78.9473684211,10.86286594761171,4.391371340523882,6.240369799691833,10.631741140215714,2.311248073959938,4.622496147919876,0.4622496147919876,1.8489984591679505,2.311248073959938,4.160246533127888,4.85362095531587,2.773497688751926,3.0,6.0
K. Paranada,UST,10.49666666664,2.8580501746658826,9.145760558930824,31.25,0.5716100349331765,1.7148301047995296,33.3333333333,2.286440139732706,7.430930454131294,30.7692307692,2.8580501746658826,3.429660209599059,83.3333333333,10.860590663730354,0.5716100349331765,2.286440139732706,2.8580501746658826,5.716100349331765,3.429660209599059,1.143220069866353,0.0,1.143220069866353,4.001270244532235,2.8580501746658826,-8.00254048906447,3.0,5.0
N. Tulabut,NU,4.14583333335,5.427135678370142,10.854271356740284,50.0,5.427135678370142,7.236180904493524,75.0,0.0,3.618090452246762,0.0,0.0,1.809045226123381,0.0,10.854271356740284,1.809045226123381,5.427135678370142,7.236180904493524,5.427135678370142,3.618090452246762,0.0,0.0,0.0,0.0,1.809045226123381,-9.045226130616905,1.0,4.0
J. Lazaro,ADMU,27.27333333332,4.399902224397164,10.999755560992913,40.0,3.73991689073759,9.239794671234044,40.4761904762,0.6599853336595747,1.7599608897588657,37.5,1.099975556099291,3.079931557078015,35.7142857143,10.559765338553195,2.859936445858157,4.839892446836881,7.699828892695038,1.979956000978724,2.199951112198582,0.6599853336595747,0.4399902224397164,1.099975556099291,2.199951112198582,4.399902224397164,-7.47983378147518,1.0,5.0
C. Koon,ADMU,21.96666666666667,3.641881638846737,11.380880121396054,32.0,1.3657056145675266,5.918057663125948,23.0769230769,2.276176024279211,5.462822458270106,41.6666666667,0.9104704097116842,2.276176024279211,40.0,10.470409711684368,1.3657056145675266,2.731411229135053,4.09711684370258,2.276176024279211,0.9104704097116842,0.4552352048558421,0.0,0.4552352048558421,2.731411229135053,2.731411229135053,3.1866464339908953,1.0,3.0
N. Mulingtapang,UE,8.09,1.4833127317676142,8.899876390605685,16.6666666667,0.7416563658838071,4.449938195302843,16.6666666667,0.7416563658838071,4.449938195302843,16.6666666667,6.6749072929542645,8.899876390605685,75.0,10.383189122373299,0.7416563658838071,1.4833127317676142,2.2249690976514214,1.4833127317676142,2.2249690976514214,0.7416563658838071,0.0,0.7416563658838071,2.2249690976514214,7.416563658838071,-5.933250927070457,3.0,5.0
League,League,19.70053018902507,3.6447417624131506,10.047274087341892,36.2759264925,2.801293410627175,6.606265574343595,42.4035845833,0.8434483518142595,3.4410085129982955,24.511661294,1.9707328968252829,3.08775523969737,63.8241293052,10.103664773465843,2.0800189279433354,4.867815920051683,6.9478348479950185,2.418388091288382,2.2204901803308252,1.0654177001375496,0.5060501461658481,1.5714678463033975,2.8279979446114623,3.2640416148348086,0.37763486295209636,2.639422316,5.3840562234
J. Bahay,ADMU,23.830000000000002,3.0214015946286192,13.596307175828786,22.2222222222,1.5107007973143096,4.028535459504826,37.5,1.5107007973143096,9.56777171632396,15.7894736842,2.517834662190516,3.2731850608476707,76.9230769231,10.071338648762064,1.0071338648762065,3.7767519932857745,4.78388585816198,6.0428031892572385,1.258917331095258,1.258917331095258,0.0,1.258917331095258,2.517834662190516,3.524968527066722,-2.517834662190516,1.0,5.0
J. Macalalag,DLSU,20.391666666666666,4.168369431957499,9.072333469554557,45.9459459459,3.187576624438088,5.88475684511647,54.1666666667,0.9807928075194116,3.187576624438088,30.7692307692,0.7355946056395587,1.7163874131589703,42.8571428571,10.05312627707397,1.7163874131589703,2.206783816918676,3.9231712300776462,1.7163874131589703,1.2259910093992645,0.7355946056395587,0.2451982018798529,0.9807928075194116,1.7163874131589703,1.9615856150388231,13.976297507151616,5.0,6.0
K. Padrones,NU,20.5111111111,3.9003250270877037,6.094257854824536,64.0,3.1690140845087593,4.875406283859629,65.0,0.7313109425789444,1.2188515709649073,60.0,1.4626218851578887,3.4127843987017403,42.8571428571,9.99458288191224,4.144095341280685,4.144095341280685,8.28819068256137,0.48754062838596296,1.4626218851578887,0.48754062838596296,1.4626218851578887,1.9501625135438518,3.1690140845087593,3.1690140845087593,-10.725893824491184,1.0,6.0
V. Pre,FEU,33.93611111111667,3.8307276745512264,10.902840304491953,35.1351351351,3.683391994760795,8.692805107635476,42.3728813559,0.1473356797904318,2.210035196856477,6.6666666667,2.062699517066045,3.0940492755990676,66.6666666667,9.871490545958931,1.9153638372756132,3.8307276745512264,5.746091511826839,1.3260211181138861,2.6520422362277722,0.2946713595808636,0.4420070393712954,0.7366783989521589,1.9153638372756132,2.210035196856477,-6.924776950150294,1.0,6.0
J. Figueroa,NU,30.747222222216667,3.9027915800892408,11.220525792756566,34.7826086957,3.740175264252189,8.781281055200791,42.5925925926,0.1626163158370517,2.4392447375557755,6.6666666667,1.7887794742075684,3.2523263167410335,55.0,9.756978950223102,2.2766284217187236,3.577558948415137,5.854187370133861,2.2766284217187236,2.601861053392827,0.8130815791852584,0.3252326316741034,1.1383142108593618,2.9270936850669305,4.390640527600396,-5.528954738459757,1.0,6.0
K. Porter,ADMU,24.68666666668,3.402646502833701,10.694031866048775,31.8181818182,2.187415608964522,5.590062111798223,39.1304347826,1.215230893869179,5.103969754250552,23.8095238095,1.7013232514168506,2.9165541452860295,58.3333333333,9.721847150953431,2.430461787738358,7.291385363215073,9.721847150953431,0.48609235754767155,0.9721847150953431,0.7291385363215074,0.48609235754767155,1.215230893869179,2.430461787738358,1.7013232514168506,-1.7013232514168506,1.0,5.0
P. Francisco,NU,11.752777777766667,4.254313401091236,12.337508863164583,34.4827586207,3.4034507208729883,7.657764121964224,44.4444444444,0.8508626802182471,4.679744741200358,18.1818181818,0.0,0.0,0.0,9.359489482400717,2.9780193807638646,2.9780193807638646,5.956038761527729,1.7017253604364941,0.8508626802182471,3.4034507208729883,0.0,3.4034507208729883,2.9780193807638646,1.2762940203273705,6.381470101636853,1.0,6.0
J. Bayla,UP,17.47666666668,2.7465191684129344,5.836353232877485,47.0588235294,1.0299446881548504,2.7465191684129344,37.5,1.7165744802580838,3.089834064464551,55.5555555556,2.059889376309701,4.119778752619402,50.0,9.269502193393654,1.3732595842064672,4.119778752619402,5.493038336825869,1.3732595842064672,1.7165744802580838,0.6866297921032336,0.3433148960516168,1.0299446881548504,3.4331489605161676,2.7465191684129344,17.852374594684072,5.0,5.0
F. Padrigao,UST,23.48666666668,3.321033210330218,12.517740562013898,26.5306122449,1.2773204655116221,4.087425489637192,31.25,2.043712744818596,8.430315072376708,24.2424242424,0.510928186204649,1.5327845586139468,33.3333333333,9.196707351683681,0.0,4.342889582739516,4.342889582739516,8.174850979274384,3.8319613965348673,1.021856372409298,0.0,1.021856372409298,2.5546409310232443,2.810105024125569,5.109281862046489,3.0,5.0
J. Garcia,NU,11.45,3.930131004366812,13.100436681222709,30.0,3.930131004366812,13.100436681222709,30.0,0.0,0.0,0.0,1.310043668122271,2.620087336244542,50.0,9.170305676855897,1.310043668122271,3.930131004366812,5.240174672489084,2.620087336244542,2.620087336244542,0.0,0.0,0.0,3.930131004366812,2.620087336244542,3.930131004366812,1.0,2.0
M. Rubico,DLSU,3.2722222222,3.0560271647066624,6.112054329413325,50.0,0.0,3.0560271647066624,0.0,3.0560271647066624,3.0560271647066624,100.0,0.0,0.0,0.0,9.168081494119987,0.0,3.0560271647066624,3.0560271647066624,3.0560271647066624,9.168081494119987,3.0560271647066624,0.0,3.0560271647066624,6.112054329413325,0.0,15.280135823533312,3.0,3.0
M. Llemit,UST,17.1,2.807017543859649,7.368421052631579,38.0952380952,1.4035087719298245,3.1578947368421053,44.4444444444,1.4035087719298245,4.2105263157894735,33.3333333333,2.1052631578947367,2.4561403508771926,85.7142857143,9.12280701754386,0.7017543859649122,3.1578947368421053,3.859649122807017,2.4561403508771926,1.0526315789473684,1.0526315789473684,0.7017543859649122,1.7543859649122806,4.2105263157894735,3.859649122807017,-5.614035087719298,3.0,5.0
S. Alter,UP,6.60833333335,4.539722572498008,10.214375788120519,44.4444444444,4.539722572498008,7.944514501871515,57.1428571429,0.0,2.269861286249004,0.0,0.0,2.269861286249004,0.0,9.079445144996017,5.67465321562251,7.944514501871515,13.619167717494026,0.0,2.269861286249004,1.134930643124502,0.0,1.134930643124502,5.67465321562251,2.269861286249004,2.269861286249004,4.0,4.0
R. Alforque,FEU,21.569444444416664,3.2453316162308377,8.808757244055132,36.8421052632,2.7817128139121463,7.417900837099058,37.5,0.4636188023186911,1.3908564069560732,33.3333333333,2.08628461043411,3.2453316162308377,64.2857142857,9.040566645214478,1.1590470057967277,5.099806825505603,6.258853831302329,3.708950418549529,2.5499034127528013,1.6226658081154188,0.0,1.6226658081154188,2.08628461043411,4.867997424346257,-0.6954282034780366,1.0,6.0
P. Momowei,UE,32.58,2.9465930018416207,8.47145488029466,34.7826086957,2.9465930018416207,8.103130755064456,36.3636363636,0.0,0.3683241252302026,0.0,3.130755064456722,7.550644567219152,41.4634146341,9.023941068139964,2.578268876611418,9.760589318600369,12.338858195211786,1.8416206261510129,3.8674033149171274,0.3683241252302026,0.9208103130755064,1.289134438305709,3.314917127071823,8.287292817679559,3.6832412523020257,3.0,5.0
P. Palacielo,NU,21.138888888883333,4.2575558475701065,12.063074901448637,35.2941176471,4.2575558475701065,11.590013140607512,36.7346938776,0.0,0.473061760841123,0.0,0.473061760841123,1.419185282523369,33.3333333333,8.988173455981338,2.6018396846261767,6.859395532196284,9.46123521682246,1.419185282523369,2.838370565046738,1.419185282523369,0.7095926412616845,2.1287779237850533,4.967148488831791,2.365308804205615,1.892247043364492,1.0,6.0
A. Fransman,AdU,18.372222222216667,2.9936498336870256,11.702449349867464,25.5813953488,1.6328999092838323,6.25944965225469,26.0869565217,1.3607499244031935,5.442999697612774,25.0,1.6328999092838323,1.6328999092838323,100.0,8.980949501061078,2.721499848806387,9.797399455702994,12.51889930450938,1.3607499244031935,2.4493498639257485,2.1771998790451095,0.8164499546419162,2.9936498336870256,2.1771998790451095,2.1771998790451095,-2.4493498639257485,3.0,6.0
F. Dignadice,AdU,1.68333333335,4.455445544510342,13.366336633531025,33.3333333333,4.455445544510342,4.455445544510342,100.0,0.0,8.910891089020684,0.0,0.0,0.0,0.0,8.910891089020684,4.455445544510342,4.455445544510342,8.910891089020684,0.0,0.0,0.0,0.0,0.0,8.910891089020684,4.455445544510342,-53.4653465341241,2.0,4.0
W. Espina,ADMU,10.18999999998,2.35525024534319,11.77625122671595,20.0,0.5888125613357975,4.71050049068638,12.5,1.7664376840073923,7.065750736029569,25.0,2.35525024534319,4.121687929350582,57.1428571429,8.832188420036962,1.7664376840073923,1.7664376840073923,3.5328753680147846,3.5328753680147846,1.7664376840073923,1.7664376840073923,0.5888125613357975,2.35525024534319,3.5328753680147846,2.35525024534319,4.121687929350582,1.0,5.0
G. Santiago,NU,9.297222222216666,1.6133851210048482,9.14251568569414,17.6470588235,0.5377950403349494,3.764565282344646,14.2857142857,1.0755900806698988,5.3779504033494945,20.0,4.302360322679595,4.302360322679595,100.0,8.60472064535919,2.1511801613397976,4.302360322679595,6.453540484019393,0.5377950403349494,0.5377950403349494,2.1511801613397976,0.5377950403349494,2.6889752016747472,4.302360322679595,3.764565282344646,-6.9913355243543425,1.0,6.0
J. Yerro,AdU,21.125,2.8402366863905324,9.70414201183432,29.2682926829,2.1301775147928996,5.207100591715976,40.9090909091,0.7100591715976331,4.497041420118343,15.7894736842,2.1301775147928996,2.603550295857988,81.8181818182,8.520710059171599,1.183431952662722,2.366863905325444,3.5502958579881656,0.9467455621301776,2.603550295857988,1.183431952662722,0.0,1.183431952662722,2.8402366863905324,2.1301775147928996,-4.260355029585799,3.0,6.0
M. Konateh,FEU,33.072222222216666,3.023685536704691,7.105661011256023,42.5531914894,3.023685536704691,7.105661011256023,42.5531914894,0.0,0.0,0.0,2.267764152528518,3.023685536704691,75.0,8.3151352259379,5.140265412397975,10.28053082479595,15.420796237193922,0.9071056610114072,1.965395598858049,1.0582899378466417,1.8142113220228144,2.8725012598694564,1.965395598858049,3.32605409037516,-1.2094742146818762,1.0,6.0
E. Galang,UE,26.76666666668,2.6899128268977885,9.190535491900777,29.2682926829,1.120797011207412,2.914072229139271,38.4615384615,1.5691158156903766,6.2764632627615065,25.0,1.3449564134488943,1.793275217931859,75.0,8.293897882934848,0.44831880448296474,3.1382316313807532,3.586550435863718,2.6899128268977885,1.120797011207412,1.793275217931859,1.120797011207412,2.914072229139271,3.3623910336222353,2.0174346201733413,0.0,3.0,5.0
D. Fikes,UE,18.17999999998,2.6402640264055446,7.920792079216635,33.3333333333,2.3102310231048517,3.9603960396083173,58.3333333333,0.3300330033006931,3.9603960396083173,8.3333333333,2.6402640264055446,4.950495049510396,53.3333333333,8.250825082517327,2.970297029706238,3.3003300330069307,6.270627062713169,2.3102310231048517,3.630363036307624,1.3201320132027723,0.6600660066013861,1.9801980198041587,4.950495049510396,3.9603960396083173,-6.930693069314556,3.0,5.0
E. Abadam,DLSU,18.388888888866667,2.990936555894853,8.70090634442139,34.375,2.1752265861053477,4.350453172210695,50.0,0.8157099697895054,4.350453172210695,18.75,1.3595166163158423,2.1752265861053477,62.5,8.157099697895054,0.8157099697895054,1.6314199395790108,2.447129909368516,2.1752265861053477,1.3595166163158423,0.8157099697895054,0.27190332326316846,1.0876132930526738,2.447129909368516,1.9033232628421795,13.323262839895255,5.0,6.0
A. Balogun,ADMU,8.13666666666,2.212208111431554,8.1114297419157,27.2727272727,2.212208111431554,6.636624334294663,33.3333333333,0.0,1.4748054076210364,0.0,3.687013519052591,8.1114297419157,45.4545454545,8.1114297419157,3.687013519052591,5.899221630484146,9.586235149536735,1.4748054076210364,2.949610815242073,1.4748054076210364,2.949610815242073,4.424416222863108,8.1114297419157,6.636624334294663,-13.273248668589327,1.0,5.0
G. Crisostomo,UST,18.85666666668,3.1818985327889826,7.31836662541466,43.4782608696,3.1818985327889826,6.045607212299067,52.6315789474,0.0,1.272759413115593,0.0,1.5909492663944913,1.9091391196733896,83.3333333333,7.954746331972457,2.545518826231186,8.90931589180915,11.454834718040336,0.6363797065577965,1.5909492663944913,0.6363797065577965,0.6363797065577965,1.272759413115593,3.5000883860678806,2.545518826231186,-0.6363797065577965,3.0,5.0
C. Lane,UST,8.720833333325,2.580028666987654,6.020066889637859,42.8571428571,2.580028666987654,4.300047778312757,60.0,0.0,1.7200191113251027,0.0,2.580028666987654,3.4400382226502053,75.0,7.740086000962961,1.7200191113251027,3.4400382226502053,5.160057333975308,2.580028666987654,1.7200191113251027,1.7200191113251027,0.0,1.7200191113251027,3.4400382226502053,2.580028666987654,12.040133779275719,2.0,4.0
J. Pasaol,FEU,26.011111111116666,2.691157624946029,10.572404955145116,25.4545454545,2.306706535668025,7.689021785560083,30.0,0.38445108927800414,2.8833831695850316,13.3333333333,1.9222554463900208,3.075608714224033,62.5,7.689021785560083,0.38445108927800414,5.382315249892058,5.766766339170063,2.691157624946029,3.8445108927800415,1.5378043571120166,0.0,1.5378043571120166,2.1144809910290228,3.267834258863035,-10.572404955145116,1.0,6.0
T. Garcia,NU,8.829166666675,3.3978291646971233,8.494572911742809,40.0,3.3978291646971233,8.494572911742809,40.0,0.0,0.0,0.0,0.8494572911742808,2.5483718735228424,33.3333333333,7.645115620568527,0.0,1.6989145823485616,1.6989145823485616,1.6989145823485616,5.096743747045685,0.0,0.0,0.0,6.7956583293942465,2.5483718735228424,-20.38697498818274,0.0,4.0
R. Montemayor,FEU,14.25000000002,2.9473684210484947,6.736842105253702,43.75,2.5263157894701385,4.631578947361921,54.5454545455,0.4210526315783564,2.105263157891782,20.0,1.2631578947350692,1.2631578947350692,100.0,7.5789473684104145,2.9473684210484947,2.5263157894701385,5.473684210518633,0.8421052631567127,1.6842105263134255,0.0,0.4210526315783564,0.4210526315783564,2.9473684210484947,0.4210526315783564,4.210526315783564,1.0,5.0
C. Austria,DLSU,11.94166666665,2.5122121423621944,8.792742498267678,28.5714285714,2.5122121423621944,7.536636427086582,33.3333333333,0.0,1.2561060711810972,0.0,2.5122121423621944,2.5122121423621944,100.0,7.536636427086582,5.024424284724389,3.768318213543291,8.792742498267678,5.024424284724389,5.024424284724389,0.0,0.0,0.0,1.2561060711810972,2.5122121423621944,5.024424284724389,2.0,2.0
M. Anabo,AdU,15.163888888899999,2.3081150393828116,7.583806557972094,30.4347826087,0.9891921597354907,1.9783843194709814,50.0,1.318922879647321,5.605422238501114,23.5294117647,1.318922879647321,2.637845759294642,50.0,7.254075838060265,0.32973071991183023,4.945960798677453,5.275691518589284,2.3081150393828116,0.9891921597354907,0.6594614398236605,0.0,0.6594614398236605,1.6486535995591511,2.967576479206472,-2.3081150393828116,3.0,6.0
G. Abadiano,UP,17.716666666680002,2.709313264344151,10.159924741290565,26.6666666667,1.6933207902150942,5.75729068673132,29.4117647059,1.0159924741290567,4.402634054559245,23.0769230769,0.6773283160860377,0.6773283160860377,100.0,7.111947318903396,1.0159924741290567,2.3706491063011317,3.3866415804301884,4.063969896516227,1.0159924741290567,1.3546566321720754,0.0,1.3546566321720754,1.3546566321720754,1.0159924741290567,19.981185324538114,5.0,5.0
E. Ramos,AdU,9.955555555550001,2.5111607142871155,10.044642857148462,25.0,2.0089285714296925,8.03571428571877,25.0,0.5022321428574231,2.0089285714296925,25.0,1.5066964285722693,3.0133928571445385,50.0,7.031250000003924,2.5111607142871155,3.515625000001962,6.026785714289077,1.0044642857148463,1.0044642857148463,0.5022321428574231,0.5022321428574231,1.0044642857148463,5.524553571431654,6.026785714289077,-6.026785714289077,3.0,6.0
J. Calisay,AdU,17.672222222216668,2.2634391700730156,10.185476265328571,22.2222222222,1.1317195850365078,5.375668028923412,21.0526315789,1.1317195850365078,4.809808236405158,23.5294117647,1.1317195850365078,1.980509273813889,57.1428571429,6.790317510219047,1.4146494812956347,6.224457717700793,7.639107198996427,2.2634391700730156,1.1317195850365078,1.4146494812956347,0.28292989625912696,1.6975793775547618,2.5463690663321428,1.4146494812956347,-3.3951587551095237,3.0,6.0
A. Bongo,ADMU,16.793333333339998,1.0718539102814324,8.57483128225146,12.5,0.3572846367604775,2.85827709408382,12.5,0.714569273520955,5.71655418816764,12.5,3.572846367604775,4.28741564112573,83.3333333333,6.431123461688594,0.714569273520955,2.143707820562865,2.85827709408382,2.143707820562865,0.714569273520955,1.42913854704191,0.3572846367604775,1.7864231838023874,3.572846367604775,3.215561730844297,-8.217546645490982,1.0,5.0
M. Pangilinan,UST,10.31333333332,1.7453135100216488,6.399482870079378,27.2727272727,0.0,0.0,0.0,1.7453135100216488,6.399482870079378,27.2727272727,1.1635423400144325,2.327084680028865,50.0,6.399482870079378,0.5817711700072162,3.4906270200432976,4.072398190050514,1.1635423400144325,2.327084680028865,1.1635423400144325,0.0,1.1635423400144325,4.072398190050514,1.1635423400144325,-5.817711700072163,3.0,5.0
D. Lim,NU,15.05555555555,2.3247232472333303,8.966789667899988,25.9259259259,0.6642066420666657,2.9889298892999956,22.2222222222,1.6605166051666642,5.977859778599991,27.7777777778,0.0,0.0,0.0,6.3099630996333245,0.33210332103333284,3.9852398523999946,4.317343173433327,0.33210332103333284,0.0,0.6642066420666657,0.0,0.6642066420666657,3.3210332103333284,0.9963099630999986,-5.977859778599991,1.0,6.0
R. Torres,UP,10.795833333325,2.7788498649191653,7.641837128527706,36.3636363636,2.7788498649191653,5.557699729838331,50.0,0.0,2.084137398689374,0.0,0.6947124662297913,1.3894249324595827,50.0,6.252412196068122,1.3894249324595827,2.7788498649191653,4.168274797378748,2.7788498649191653,2.7788498649191653,1.3894249324595827,0.0,1.3894249324595827,4.86298726360854,0.6947124662297913,4.168274797378748,4.0,4.0
I. Espinosa,ADMU,17.71333333332,2.0323673315784965,8.129469326313986,25.0,1.6936394429820802,5.419646217542657,31.25,0.33872788859641606,2.7098231087713285,12.5,1.6936394429820802,2.7098231087713285,62.5,6.097101994735489,1.3549115543856642,4.4034625517534085,5.7583741061390725,3.7260067745605765,1.0161836657892482,2.0323673315784965,1.0161836657892482,3.0485509973677445,2.3710952201749125,5.0809183289462405,-7.113285660524737,1.0,5.0
C. Briones,UP,8.95333333334,2.6805658972429782,9.381980640350424,28.5714285714,2.0104244229322337,4.020848845864467,50.0,0.6701414743107446,5.3611317944859564,12.5,0.0,0.0,0.0,6.0312732687967,0.6701414743107446,3.350707371553723,4.020848845864467,2.6805658972429782,1.3402829486214891,0.6701414743107446,0.0,0.6701414743107446,2.6805658972429782,0.0,-18.763961280700848,5.0,5.0
E. Laure,UST,3.4,2.9411764705882355,11.764705882352942,25.0,2.9411764705882355,11.764705882352942,25.0,0.0,0.0,0.0,0.0,0.0,0.0,5.882352941176471,2.9411764705882355,2.9411764705882355,5.882352941176471,0.0,0.0,0.0,0.0,0.0,5.882352941176471,0.0,-23.529411764705884,1.0,3.0
G. Robinson,UST,13.416666666680001,2.2360248447182745,7.155279503098479,31.25,1.7888198757746196,4.472049689436549,40.0,0.4472049689436549,2.6832298136619293,16.6666666667,0.8944099378873098,2.6832298136619293,33.3333333333,5.813664596267514,1.3416149068309646,3.5776397515492393,4.919254658380204,2.2360248447182745,0.8944099378873098,1.3416149068309646,0.0,1.3416149068309646,4.919254658380204,2.2360248447182745,-10.285714285704062,3.0,5.0
M. Ojarikre,AdU,21.536111111116668,2.321681929575049,4.179027473235089,55.5555555556,2.321681929575049,4.179027473235089,55.5555555556,0.0,0.0,0.0,0.9286727718300196,2.786018315490059,33.3333333333,5.572036630980118,4.643363859150098,8.590223139427682,13.23358699857778,0.0,1.8573455436600392,0.0,2.786018315490059,2.786018315490059,2.786018315490059,2.553850122532554,-1.8573455436600392,3.0,6.0
A. Bagunu,FEU,8.188888888883334,1.2211668928095123,6.105834464047561,20.0,1.2211668928095123,4.884667571238049,25.0,0.0,1.2211668928095123,0.0,3.0529172320237805,3.0529172320237805,100.0,5.495251017642805,1.8317503392142684,3.663500678428537,5.495251017642805,1.2211668928095123,3.0529172320237805,0.6105834464047561,0.6105834464047561,1.2211668928095123,3.0529172320237805,4.274084124833293,1.8317503392142684,1.0,6.0
R. Malaga III,UE,5.47083333335,1.3709063213971946,4.112718964191584,33.3333333333,1.3709063213971946,2.741812642794389,50.0,0.0,1.3709063213971946,0.0,2.741812642794389,2.741812642794389,100.0,5.483625285588778,0.0,1.3709063213971946,1.3709063213971946,0.0,1.3709063213971946,0.0,1.3709063213971946,1.3709063213971946,10.967250571177557,2.741812642794389,-20.56359482095792,2.0,4.0
L. Ramiro,DLSU,12.919444444466668,1.9350677273671293,6.966243818521665,27.7777777778,0.7740270909468517,2.709094818313981,28.5714285714,1.1610406364202777,4.257149000207685,27.2727272727,0.38701354547342587,0.7740270909468517,50.0,5.418189636627962,0.38701354547342587,2.709094818313981,3.096108363787407,2.709094818313981,1.9350677273671293,0.7740270909468517,0.7740270909468517,1.5480541818937035,3.8701354547342586,2.3220812728405553,-5.031176091154537,5.0,6.0
J. Cruz-Dumont,UE,17.91333333332,1.3397841458886042,7.703758838859473,17.3913043478,0.6698920729443021,4.0193524376658125,16.6666666667,0.6698920729443021,3.6844064011936615,18.1818181818,2.0096762188329063,2.6795682917772083,75.0,5.359136583554417,1.0048381094164531,5.359136583554417,6.363974692970871,3.349460364721511,0.0,1.0048381094164531,0.33494603647215104,1.3397841458886042,3.01451432824936,2.6795682917772083,-9.37848902122023,3.0,5.0
V. David,DLSU,19.647222222233335,2.035911211648785,7.889155945139042,25.8064516129,1.2724445072804906,4.326311324753668,29.4117647059,0.7634667043682943,3.562844620385374,21.4285714286,0.5089778029121963,0.5089778029121963,100.0,5.34426693057806,1.2724445072804906,7.889155945139042,9.161600452419533,7.634667043682943,2.2904001131048832,1.781422310192687,0.0,1.781422310192687,2.2904001131048832,1.5269334087365887,15.014845185909788,5.0,6.0
M. Barasi Jr,AdU,11.433333333316668,0.8746355685143944,4.810495626829169,18.1818181818,0.8746355685143944,4.810495626829169,18.1818181818,0.0,0.0,0.0,3.061224489800381,3.9358600583147747,77.7777777778,4.810495626829169,1.3119533527715916,3.9358600583147747,5.247813411086367,0.8746355685143944,1.3119533527715916,0.0,0.4373177842571972,0.4373177842571972,3.9358600583147747,3.4985422740575776,-5.247813411086367,3.0,6.0
C. Anonuevo,FEU,16.2666666667,1.844262295078188,9.221311475390939,20.0,1.844262295078188,3.688524590156376,50.0,0.0,5.532786885234564,0.0,0.922131147539094,2.766393442617282,33.3333333333,4.6106557376954695,4.6106557376954695,5.532786885234564,10.143442622930033,1.844262295078188,1.844262295078188,2.766393442617282,0.922131147539094,3.688524590156376,1.844262295078188,3.688524590156376,-10.143442622930033,0.0,2.0
A. Konov,DLSU,4.929166666675,1.5215553677066416,6.086221470826566,25.0,0.0,0.0,0.0,1.5215553677066416,6.086221470826566,25.0,0.0,0.0,0.0,4.564666103119925,3.043110735413283,1.5215553677066416,4.564666103119925,3.043110735413283,1.5215553677066416,0.0,0.0,0.0,3.043110735413283,0.0,-7.607776838533208,4.0,4.0
M. Ona,FEU,7.713888888900001,1.9445444724494858,5.833633417348457,33.3333333333,1.9445444724494858,4.537270435715467,42.8571428571,0.0,1.2963629816329905,0.0,0.6481814908164952,0.6481814908164952,100.0,4.537270435715467,2.592725963265981,3.240907454082476,5.833633417348457,0.6481814908164952,0.0,0.0,0.0,0.0,9.074540871430933,0.6481814908164952,-6.481814908164952,1.0,6.0
S. Quitevis,ADMU,27.53000000002,1.3076643661450724,2.833272793314324,46.1538461538,0.8717762440967151,1.3076643661450724,66.6666666667,0.43588812204835753,1.5256084271692514,28.5714285714,1.3076643661450724,1.3076643661450724,100.0,4.358881220483576,0.6538321830725362,1.961496549217609,2.615328732290145,3.4871049763868602,0.6538321830725362,0.6538321830725362,0.0,0.6538321830725362,3.2691609153626815,1.3076643661450724,-5.012713403556111,1.0,5.0
K. Ong,ADMU,6.32666666666,1.8967334035847172,2.845100105377076,66.6666666667,1.8967334035847172,2.845100105377076,66.6666666667,0.0,0.0,0.0,0.0,0.0,0.0,3.7934668071694344,0.9483667017923586,4.741833508961793,5.690200210754152,0.0,0.9483667017923586,0.0,1.8967334035847172,1.8967334035847172,5.690200210754152,1.8967334035847172,-8.535300316131227,1.0,5.0
D. Walker,UP,4.59166666665,1.6333938294070176,4.900181488221053,33.3333333333,1.6333938294070176,4.900181488221053,33.3333333333,0.0,0.0,0.0,0.0,0.0,0.0,3.266787658814035,0.0,1.6333938294070176,1.6333938294070176,6.53357531762807,1.6333938294070176,3.266787658814035,0.0,3.266787658814035,0.0,0.0,-27.7676950999193,4.0,4.0
C. Alexander,AdU,7.37333333336,0.8137432188035669,4.068716094017835,20.0,0.0,0.0,0.0,0.8137432188035669,4.068716094017835,20.0,0.8137432188035669,1.6274864376071339,50.0,3.2549728752142677,0.8137432188035669,2.4412296564107008,3.2549728752142677,2.4412296564107008,4.8824593128214016,0.8137432188035669,0.0,0.8137432188035669,3.2549728752142677,0.8137432188035669,4.068716094017835,2.0,5.0
P. Yu,NU,12.880555555550002,0.7763640284670158,8.151822298903665,9.5238095238,0.7763640284670158,1.9409100711675396,40.0,0.0,6.210912227736126,0.0,1.5527280569340316,3.105456113868063,50.0,3.105456113868063,2.3290920854010473,3.105456113868063,5.434548199269111,1.9409100711675396,1.1645460427005236,0.3881820142335079,0.0,0.3881820142335079,3.4936381281015714,1.5527280569340316,-5.046366185035603,1.0,6.0
E. Dela Cruz,NU,3.325000000016667,1.5037593984887028,7.518796992443514,20.0,1.5037593984887028,7.518796992443514,20.0,0.0,0.0,0.0,0.0,0.0,0.0,3.0075187969774055,0.0,6.015037593954811,6.015037593954811,4.511278195466109,1.5037593984887028,1.5037593984887028,0.0,1.5037593984887028,10.52631578942092,0.0,-21.05263157884184,1.0,6.0
L. Estacio,UST,10.28666666668,1.1665586519751567,3.4996759559254706,33.3333333333,0.5832793259875784,0.5832793259875784,100.0,0.5832793259875784,2.916396629937892,20.0,0.0,0.0,0.0,2.916396629937892,0.0,2.3331173039503135,2.3331173039503135,4.082955281913049,1.1665586519751567,1.7498379779627353,0.0,1.7498379779627353,1.1665586519751567,1.7498379779627353,-4.666234607900627,3.0,5.0
J. Daa,FEU,18.391666666666666,1.359311282283643,8.699592206615316,15.625,1.359311282283643,5.437245129134572,25.0,0.0,3.2623470774807433,0.0,0.0,0.2718622564567286,0.0,2.718622564567286,1.0874490258269145,1.6311735387403716,2.718622564567286,1.6311735387403716,2.9904848210240145,0.8155867693701858,0.2718622564567286,1.0874490258269145,4.07793384685093,1.6311735387403716,-10.05890348889896,1.0,6.0
G. Stevens,UP,7.25333333334,0.827205882352181,3.308823529408724,25.0,0.827205882352181,3.308823529408724,25.0,0.0,0.0,0.0,0.0,3.308823529408724,0.0,1.654411764704362,4.136029411760905,4.963235294113086,9.09926470587399,1.654411764704362,1.654411764704362,0.0,0.827205882352181,0.827205882352181,8.27205882352181,3.308823529408724,11.580882352930534,5.0,5.0
F. Edu,ADMU,3.7722222222333333,0.0,2.65095729012474,0.0,0.0,0.0,0.0,0.0,2.65095729012474,0.0,0.0,5.30191458024948,0.0,0.0,0.0,2.65095729012474,2.65095729012474,2.65095729012474,0.0,2.65095729012474,0.0,2.65095729012474,10.60382916049896,5.30191458024948,18.556701030873175,1.0,3.0
I. Calum,UST,2.75,0.0,0.0,0.0,0.0,0.0,0.0,0.0,0.0,0.0,0.0,0.0,0.0,0.0,10.90909090909091,0.0,10.90909090909091,10.90909090909091,0.0,0.0,0.0,0.0,0.0,0.0,-32.72727272727273,0.0,1.0
Z. Mahmood,UST,3.6777777777666665,0.0,5.438066465273226,0.0,0.0,2.719033232636613,0.0,0.0,2.719033232636613,0.0,0.0,0.0,0.0,0.0,2.719033232636613,2.719033232636613,5.438066465273226,0.0,0.0,0.0,0.0,0.0,2.719033232636613,2.719033232636613,-8.15709969790984,1.0,3.0
M. Diassana,NU,4.0666666667,0.0,0.0,0.0,0.0,0.0,0.0,0.0,0.0,0.0,0.0,0.0,0.0,0.0,7.377049180267401,7.377049180267401,14.754098360534803,0.0,0.0,0.0,7.377049180267401,7.377049180267401,7.377049180267401,0.0,-7.377049180267401,0.0,1.0
J. Barcelona,AdU,3.63333333335,0.0,12.385321100860617,0.0,0.0,8.256880733907078,0.0,0.0,4.128440366953539,0.0,0.0,0.0,0.0,0.0,4.128440366953539,0.0,4.128440366953539,0.0,12.385321100860617,0.0,0.0,0.0,4.128440366953539,4.128440366953539,-61.92660550430308,1.0,2.0
A. Ignacio,AdU,1.470833333325,0.0,0.0,0.0,0.0,0.0,0.0,0.0,0.0,0.0,0.0,0.0,0.0,0.0,5.09915014167195,0.0,5.09915014167195,0.0,0.0,0.0,0.0,0.0,0.0,0.0,-61.1898017000634,3.0,4.0
A. Ronzone,AdU,4.379166666675,0.0,1.7126546146494526,0.0,0.0,1.7126546146494526,0.0,0.0,0.0,0.0,0.0,0.0,0.0,0.0,0.0,1.7126546146494526,1.7126546146494526,3.425309229298905,1.7126546146494526,0.0,0.0,0.0,3.425309229298905,0.0,1.7126546146494526,2.0,4.0
E. Alian,DLSU,4.7166666667,0.0,0.0,0.0,0.0,0.0,0.0,0.0,0.0,0.0,0.0,0.0,0.0,0.0,6.3604240282236,0.0,6.3604240282236,12.7208480564472,12.7208480564472,0.0,0.0,0.0,6.3604240282236,0.0,38.16254416934161,1.0,1.0
H. Cruz-Dumont,UE,8.4583333333,0.0,1.7733990147853138,0.0,0.0,1.7733990147853138,0.0,0.0,0.0,0.0,0.0,0.0,0.0,0.0,3.5467980295706276,5.320197044355941,8.866995073926569,1.7733990147853138,7.093596059141255,0.0,0.0,0.0,7.093596059141255,0.0,-15.960591133067823,0.0,2.0
D. Robles,UE,2.0777777778,0.0,4.812834224547456,0.0,0.0,4.812834224547456,0.0,0.0,0.0,0.0,0.0,0.0,0.0,0.0,0.0,0.0,0.0,0.0,0.0,0.0,4.812834224547456,4.812834224547456,0.0,0.0,0.0,2.0,3.0
K. Spandonis,UE,3.794444444433333,0.0,2.635431918016502,0.0,0.0,2.635431918016502,0.0,0.0,0.0,0.0,0.0,0.0,0.0,0.0,0.0,0.0,0.0,2.635431918016502,0.0,2.635431918016502,0.0,2.635431918016502,10.541727672066008,0.0,15.812591508099011,2.0,3.0
J. Jimenez,UE,6.60833333335,0.0,9.079445144996017,0.0,0.0,6.809583858747013,0.0,0.0,2.269861286249004,0.0,0.0,0.0,0.0,0.0,2.269861286249004,0.0,2.269861286249004,2.269861286249004,0.0,2.269861286249004,0.0,2.269861286249004,2.269861286249004,2.269861286249004,-18.158890289992033,2.0,2.0
R. Go,UE,3.98333333335,0.0,3.7656903765532816,0.0,0.0,3.7656903765532816,0.0,0.0,0.0,0.0,0.0,0.0,0.0,0.0,0.0,3.7656903765532816,3.7656903765532816,0.0,0.0,0.0,0.0,0.0,3.7656903765532816,0.0,-33.89121338897953,1.0,2.0
J. Jones,FEU,1.20833333335,0.0,0.0,0.0,0.0,0.0,0.0,0.0,0.0,0.0,0.0,0.0,0.0,0.0,0.0,0.0,0.0,0.0,0.0,0.0,0.0,0.0,12.413793103277053,0.0,-62.068965516385255,1.0,2.0
N. Duque,FEU,0.4666666667,0.0,0.0,0.0,0.0,0.0,0.0,0.0,0.0,0.0,0.0,0.0,0.0,0.0,0.0,0.0,0.0,0.0,0.0,0.0,0.0,0.0,0.0,0.0,0.0,0.0,1.0
B. Parks,NU,2.575,0.0,2.912621359223301,0.0,0.0,2.912621359223301,0.0,0.0,0.0,0.0,0.0,0.0,0.0,0.0,0.0,8.737864077669903,8.737864077669903,2.912621359223301,2.912621359223301,0.0,0.0,0.0,0.0,0.0,14.563106796116504,1.0,4.0
M. Reyes,ADMU,2.4833333333,0.0,0.0,0.0,0.0,0.0,0.0,0.0,0.0,0.0,0.0,0.0,0.0,0.0,0.0,12.080536912913832,12.080536912913832,0.0,0.0,0.0,0.0,0.0,12.080536912913832,0.0,36.2416107387415,0.0,1.0
