PLAYER,TEAM,SP,GP,MPG,EWA,PER,WS,OWS,DWS,EFF,GmSc,TS%,EFG%,PPWS,FTR,REB%,OREB%,DREB%,AR,pAST%,hAST%,TOR,hTO%,AST/TO,STL/TO,PPR,USG%,STL%,BLK%,aSP,ORtg,DRtg,Floor%,Stop%,FFI,PIE,AV,DRE/100,DRE/75,POS
K. Quiambao,DLSU,86.83333333333333,6.0,29.497222222233333,1.3880846332766035,26.584479402306748,1.1790772918566652,0.8434716375838888,0.33560565427277644,18.0,12.299999999999999,48.62817362817363,45.45454545454545,0.9725634725634725,0.25,13.180395218229323,6.754321304360812,19.30158241355663,10.22272290517255,38.00191366777582,22.627359710369795,6.4257115403941745,14.222911817946729,1.5909090909090908,0.36363636363636365,0.7210318733961968,28.03960745537723,,12.989079431463102,86.83333333333333,101.8373720449843,82.07881448709281,45.04251977913138,0.6657511615821179,46.676254557591804,15.310233682514102,1.5953226156035991,10.590698207225854,7.94302365541939,57.062422482191614
J. Cagulangan,UP,77.0,5.0,24.09,1.3574174133281376,33.47179743287303,1.1121209040988251,0.9333865119394478,0.17873439215937728,16.2,12.140000000000004,52.83911671924291,50.0,1.0567823343848581,0.1694915254237288,8.714834281979357,6.812061606582155,10.370034304443838,13.168533538142125,48.91869305558387,29.585798816568044,3.5116089435045668,7.889546351084813,3.75,0.625,9.752469199939172,26.372998039200834,,0.0,77.0,118.72633536788106,85.03983737112974,52.97991376310633,0.5703718488615314,48.02688296679622,13.233923578751165,1.2857142857142858,10.611923837426973,7.95894287807023,45.5631599571907
M. Phillips,DLSU,73.5,6.0,22.97222222221667,1.3001576471494276,29.779977297008333,0.9416748918640118,0.4816424398512385,0.46003245201277326,18.0,10.966666666666667,47.82608695652174,45.689655172413794,0.9565217391304348,0.43103448275862066,23.758885285182433,18.01275903765603,29.23238510490649,4.87550951422086,18.00398164979385,13.26530612244898,6.000627094425674,16.3265306122449,0.8125,0.625,-5.092080538064602,25.570980780823604,,100.07088354253347,73.5,96.69565715517608,71.72917063646995,48.24360718266117,0.90377881641511,51.84377434426962,12.651087832393232,1.5953226156035991,16.660112372906614,12.495084279679961,44.439799785990466
M. Konateh,FEU,65.33333333333333,6.0,33.072222222216666,1.3597025983664754,24.59289882101667,1.0556578042242317,0.4445100135929285,0.6111477906313032,22.833333333333332,12.283333333333333,49.2831541218638,42.5531914893617,0.9856630824372761,0.425531914893617,22.897545927954614,15.265030618636409,30.530061237272818,1.6468231123691068,7.102169785342018,8.02139037433155,3.5681167434663976,17.379679144385026,0.46153846153846156,0.5384615384615384,-4.480232496581599,15.802032457367325,,139.77414273446215,63.99999999999999,96.93402277335578,73.1191173624473,47.951377079299434,0.8689667171162473,50.56523225700962,21.285563751317177,1.9068701949840063,15.586817559339327,11.690113169504496,60.722975800443315
P. Momowei,UE,62.8,5.0,32.58,0.02978006668305046,11.187452019846111,0.1042864347640288,-0.2349476379573127,0.3392340727213415,11.6,4.719999999999999,38.25733916302311,34.78260869565217,0.7651467832604623,0.8913043478260869,19.96578995988962,8.146189183606376,32.37343057578895,3.3711984607574492,14.55434592769401,10.521885521885523,7.079516767590643,22.095959595959595,0.47619047619047616,0.09523809523809523,-8.946408051618123,24.764613859563905,,77.90273376273319,62.8,69.46406145894551,80.74170575470143,36.6489531867659,0.7758417839583949,52.14196734047579,8.176943699731904,1.000810148179291,6.114908224620135,4.586181168465101,59.326083091252805
F. Padrigao,UST,58.166666666666664,6.0,24.830555555566665,0.23530448404044407,13.99459679776987,0.044567551799320995,0.025192353993234294,0.0193751978060867,8.5,4.683333333333334,39.9872040946897,38.983050847457626,0.799744081893794,0.13559322033898305,7.916906898892393,0.0,15.437968452840167,14.270196580397396,53.69569000297223,31.573834196891188,8.049854481249813,17.810880829015545,1.7727272727272727,0.2727272727272727,2.709832967459888,27.353509153369902,,0.0,58.166666666666664,78.36551666519858,94.76115088678215,32.571403973676134,0.5783536899678178,40.61465502375535,6.600660066006601,0.9087791140485161,2.7738839484121223,2.080412961309092,45.54947763599055
Q. Millora-Brown,UP,55.666666666666664,6.0,21.302777777783334,1.0019689554671611,26.576611817617437,0.9723661796050209,0.6485474430843551,0.3238187365206659,15.0,8.749999999999998,59.980806142034545,54.6875,1.199616122840691,0.6875,21.651289291238673,16.048627340838568,26.52498035589899,2.0682616568898227,6.607893128339694,9.1441111923921,3.3092186510237167,14.630577907827359,0.625,0.125,-3.57404025119597,17.292675614760608,,118.34176883685583,55.666666666666664,117.94964823601622,77.50331748280792,57.93091096968151,0.7478367501581394,59.56992080541178,11.929170549860205,1.3914339234647097,13.792942537354376,10.344706903015782,40.29148490749811
F. Lopez,UP,55.666666666666664,6.0,18.808333333316668,0.9609201823633305,27.935193323455966,0.7577890879322933,0.4526408266005798,0.30514826133171347,12.0,7.933333333333334,58.94461077844312,55.952380952380956,1.1788922155688624,0.6190476190476191,12.261389571311462,2.7265601036116998,20.5556278443291,4.685127350969205,17.002104010392237,12.91322314049587,6.559178291356886,18.078512396694215,0.7142857142857143,0.2857142857142857,-6.361214033609441,26.587903463278018,,201.05516730414004,55.666666666666664,99.84245996390958,76.2786458775628,50.092357707863485,0.7766744934091535,55.572184114549785,10.251630941286114,1.177009796518353,10.887275225628091,8.16545641922107,35.573561651891616
V. David,DLSU,54.666666666666664,6.0,19.647222222233335,0.35971389488936417,16.95339399457554,0.4959071836320753,0.21502254451657826,0.28088463911549705,10.333333333333334,5.116666666666666,32.936010037641154,30.64516129032258,0.6587202007528231,0.06451612903225806,13.699589461561917,3.9002130491356035,23.03403195661034,13.155269883057116,39.477904710182834,42.325056433408584,3.9465809649171346,12.697516930022573,3.3333333333333335,0.7777777777777778,8.930759094392815,14.379414362854584,,0.0,54.666666666666664,93.83823467864822,78.58563083871076,40.44273563508062,0.746089608365994,38.01920382021074,8.138597904915391,1.0521422786760468,12.995944950174042,9.746958712630532,38.00758209027381
M. Tounkara,UST,54.5,6.0,27.577777777783336,1.0389726802017953,23.440880865462457,0.6473167126095097,0.6013798732583768,0.0459368393511329,15.166666666666666,9.733333333333334,59.194341943419424,56.03448275862068,1.1838868388683885,0.27586206896551724,13.3267216264772,8.906230120020258,17.526188557611295,2.3061659606227036,10.048968784390865,8.135750813575081,4.612331921245407,16.271501627150162,0.5,0.35714285714285715,-5.693069375265554,23.031788374847817,,58.961105324175925,54.5,101.2340158369852,93.70151343012222,48.10688679133918,0.6028210824984916,52.17988718162373,11.056105610561056,1.4030131756964452,7.017531394990973,5.2631485462432295,50.589015993959386
N. Cabanero,UST,53.5,6.0,27.09722222221667,0.8997434142429889,21.9434296009971,0.6105760161233302,0.6626144674009348,-0.05203845127760452,10.5,8.85,47.56380510440835,43.83561643835616,0.951276102088167,0.410958904109589,7.254662303356769,4.532088807360178,9.84110712455353,4.023539399353564,17.166188172421858,11.741682974559687,1.3411797997845214,3.9138943248532287,3.0,1.25,2.4831570370209883,26.749875320477592,,15.001687689868184,53.5,100.88689033066014,97.99327482149617,47.850033860536506,0.503722839084434,49.269752948512206,7.920792079207921,1.064844316803016,5.36015165065285,4.020113737989638,49.70747895053114
H. Alarcon,UP,48.833333333333336,6.0,17.997222222216667,0.739959639479636,24.593596623131912,0.7885595055429218,0.6019346099201641,0.1866248956227576,10.166666666666666,6.516666666666667,55.78512396694215,51.13636363636363,1.115702479338843,0.22727272727272727,9.279099289126895,2.8494425777965984,14.872183565897487,5.385907859659452,18.871835929410004,17.080745341614907,2.448139936208842,7.763975155279502,2.2,0.4,2.1152426830095314,22.001516804535058,,70.03881966432816,48.833333333333336,116.62617225092376,83.28500865373798,51.81582595374196,0.6116933752077884,48.821489895143465,8.014911463187325,1.0393889167439332,8.845955293806327,6.634466470354745,34.03944852204089
J. Bahay,ADMU,48.8,5.0,23.830000000000002,0.23935739737409553,14.857837756793387,0.14214293164815395,0.09935911310047216,0.04278381854768178,7.6,5.18,33.48961821835231,27.77777777777778,0.6697923643670463,0.24074074074074073,7.463444451470365,2.855635439828801,13.100408775356746,11.21168350864366,48.951570778300116,27.05139765554554,2.3357673976340956,5.63570784490532,4.8,1.0,9.282086037438102,25.802223842245876,,0.0,47.609756097560975,82.21428519930058,93.0521599080595,35.00927700093086,0.5481379517780541,39.70940746077946,6.295399515738499,0.7288168464852351,5.4337111815262595,4.075283386144695,42.81248214239579
E. Galang,UE,47.2,5.0,26.76666666668,0.2663853132550733,14.820755763206208,0.37350064359715274,0.19771684423848873,0.175783799358664,8.4,5.359999999999999,41.55435759209344,37.80487804878049,0.8310871518418688,0.1951219512195122,5.803479669682392,1.416489113690252,10.408728462291055,4.9240488800139826,20.835744877866844,19.505851755526656,2.0516870333391592,8.12743823146944,2.4,1.6,2.2791848320781023,17.552772926942136,,94.8220821664477,47.2,90.01405844635605,86.26365938524582,36.9564537210411,0.6464942887475035,42.81915655220814,6.3002680965147455,0.785629301801026,5.030683438283804,3.773012578712853,48.740377248106945
C. Manzano,AdU,45.833333333333336,6.0,21.633333333333336,0.4769535515122856,18.20579844791752,0.3246545191409539,0.11397627070757531,0.21067824843337857,10.833333333333334,5.433333333333333,48.593879239040525,40.0,0.9718775847808105,0.475,15.98758066197852,13.885759179522159,17.893533475818874,4.347154138714352,20.678602815736415,12.76161306789178,8.694308277428705,25.52322613578356,0.5,0.1,-10.731513047733996,24.90493668598698,,154.7279045328829,45.833333333333336,82.32236231397704,84.04023052977918,39.84051426995887,0.6833819071822617,48.728574766547254,7.112526539278131,1.090098451564335,0.6249030878684676,0.4686773159013507,38.33925859273935
J. Bautista,FEU,45.5,6.0,28.900000000000002,0.2803394925384795,14.069610034615593,0.41923357327410105,0.17599590115057892,0.2432376721235221,7.0,5.116666666666666,38.3278822567457,36.02150537634409,0.7665576451349141,0.11827956989247312,5.908566635210234,1.0275768061235189,10.789556464296949,2.826856397904165,14.446133284415207,7.975895072669266,1.88457093193611,5.317263381779511,1.5,1.3333333333333333,0.0,27.29321682757572,,0.0,44.57142857142857,83.45507112570746,85.4125790284535,36.96359314993989,0.5872020787330468,40.91716832716541,5.690200210748156,0.785629301801026,1.5774318029237706,1.183073852192828,53.06247608163266
M. Montebon,AdU,45.333333333333336,6.0,20.4361111111,0.7078340654193778,22.423206237545653,0.5484760468067802,0.4004815007011641,0.14799454610561602,8.333333333333334,6.366666666666667,50.161812297734635,42.45283018867924,1.0032362459546926,0.37735849056603776,6.254592577682477,2.3209322841156084,9.821675209483256,5.9823742506488395,31.102390331700352,14.806378132118454,5.9823742506488395,14.806378132118454,1.0,0.5384615384615384,-3.6920664231526836,28.847632223043707,,20.474053970754845,45.333333333333336,94.28545358517543,87.02827185504908,40.88236404189072,0.6161509773636886,46.61010232812317,8.492569002123142,0.8953816888300937,5.26395681553246,3.9479676116493447,36.21750455401003
J. Figueroa,NU,45.166666666666664,6.0,30.747222222216667,0.0858469261856717,11.7553274277707,0.03135545186789704,0.015575554195461895,0.01577989767243514,7.833333333333333,4.516666666666665,38.56041131105399,35.507246376811594,0.7712082262210798,0.2898550724637681,8.705111331054068,6.390535920613961,11.312439362577509,4.1187140199608665,17.21821612107132,12.987012987012989,4.707101737098133,14.842300556586272,0.875,0.3125,-3.6312782236949444,22.51592062220894,,26.990259889967085,45.166666666666664,78.0572689812276,95.08078458318245,38.983036285337135,0.5261179894788638,43.65205638752943,4.37956204379562,0.8547795013692765,-2.903546479277227,-2.17765985945792,56.65198705287878
J. Lazaro,ADMU,44.6,5.0,27.27333333332,0.24286126814528983,14.399695543673463,0.11616293218709939,0.06713134633843168,0.0490315858486677,9.6,5.959999999999999,42.73504273504274,43.0,0.8547008547008548,0.28,12.01267064689865,8.10908674136822,16.78812100848664,3.6735666128391307,18.055487596039185,11.974454497072912,4.081740680932367,13.304949441192123,0.9,0.3,-2.9491626000167743,23.046233003156715,,34.79860941363498,43.51219512195122,80.67418897061091,93.04861455195783,38.75471412471203,0.5482233257565585,47.00138217804055,7.38498789346247,0.8683836407446771,1.6755619806494195,1.2566714854870646,48.99870315973018
T. Fortea,UP,44.0,6.0,13.738888888883332,0.7517620735041156,29.150470292081078,0.6738219532105835,0.47794704222827683,0.1958749109823066,8.5,5.916666666666667,71.42857142857143,70.0,1.4285714285714286,0.4,7.524605701821248,2.4884133254543643,11.905531412118092,7.055256171196304,24.03627292096613,22.72727272727273,5.131095397233676,16.528925619834713,1.375,0.875,-0.7916733489238098,20.185375629399385,,0.0,44.0,119.07828128909492,78.6328259692952,51.07972644654891,0.7212398440212964,58.21490881578245,7.082945013979497,0.9087791140485161,14.671358809804008,11.003519107353007,25.985354590214254
W. Lingolingo,UE,44.0,5.0,23.62666666666,0.562574486060177,20.392020741940815,0.5787618057918984,0.45796635495033744,0.12079545084156092,9.8,6.640000000000001,51.45797598627787,47.72727272727273,1.0291595197255574,0.13636363636363635,10.27307194985935,7.221336642668904,13.4766348842732,1.3946145776856351,6.4614324277779565,5.699088145896656,1.3946145776856351,5.699088145896656,1.0,1.6666666666666667,-0.8606966799097743,19.933736255739984,,0.0,44.0,107.48291637179909,88.35261266307363,40.19706826065162,0.597562173018569,47.23197732047601,8.445040214477212,0.881917103688197,8.501047352947083,6.375785514710312,43.022639344248134
H. Agunanne,DLSU,43.333333333333336,6.0,16.286111111100002,0.2723231153959014,16.421597768508974,0.2286568113574896,0.008059377442634907,0.2205974339148547,8.0,4.183333333333334,42.539267015706805,41.46341463414634,0.8507853403141361,0.2682926829268293,20.1995406007397,17.879513253789536,22.409493657506097,1.587024115350146,5.700915709590997,4.6992481203007515,7.935120576750731,23.49624060150376,0.2,0.26666666666666666,-12.732767400669058,25.81685174772715,,70.57702600180079,43.333333333333336,77.98805312443726,79.48472960105553,39.36215072583098,0.7254115664011689,47.2018786041312,4.512489927477841,0.8683836407446771,2.0624091809446314,1.5468068857084736,31.50550739360912
V. Pre,FEU,43.166666666666664,6.0,33.93611111111667,-0.03943928270275214,10.430675493660381,0.16966127965514266,-0.023164790812384622,0.19282607046752728,7.833333333333333,4.483333333333333,40.24507448342143,35.810810810810814,0.8049014896684287,0.28378378378378377,8.532075275136823,5.688050183424549,11.376100366849098,2.407351556338718,11.082323317356643,8.16400580551524,4.814703112677436,16.32801161103048,0.5,0.1111111111111111,-5.821576284879847,22.660941627513907,,34.054001460996034,42.285714285714285,76.78893335308055,88.75328918629789,38.15313452425814,0.5106334103513028,43.51501533959664,5.47945205479452,0.8547795013692765,-4.506208704170219,-3.379656528127664,62.30913785942064
A. Fransman,AdU,42.0,6.0,18.372222222216667,0.34328557586430597,17.07948600684122,0.32489046316997233,-0.04433182402840467,0.369222287198377,9.0,4.416666666666667,36.15249780893953,31.3953488372093,0.7230499561787905,0.13953488372093023,18.82541248798403,8.605533118755373,28.09290166509819,2.559391928660237,11.452822325372656,8.383635144198525,4.606905471588426,15.090543259557343,0.5555555555555556,0.8888888888888888,-5.370461904551784,23.4399041202366,,68.32217193656201,42.0,74.97137290542484,71.64399550517174,30.945351812873266,0.9622971952359289,40.22054304655165,8.386411889596603,0.9485845026002757,14.438996548499771,10.829247411374828,32.5598171972652
J. Abate,UE,41.8,5.0,23.93333333332,0.3005094565029514,15.867554380818403,0.31179148650123995,0.25233088336170134,0.059460603139538624,8.2,5.040000000000001,52.92792792792793,50.0,1.0585585585585586,0.25,8.518808989376518,7.128806980954215,9.977965326576049,3.212404683680107,15.827555019608427,11.041009463722398,5.5069794577373266,18.927444794952685,0.5833333333333334,0.25,-6.230900532889855,22.358121072145146,,0.0,41.8,91.13745544771271,92.12706702760315,41.80019910029464,0.5091484972609224,48.799016531756514,6.032171581769437,0.7715580340143142,-0.809103708420123,-0.6068277813150923,43.58105960660505
G. Abadiano,UP,41.5,6.0,18.34444444445,0.1573827778744204,13.694070716482337,0.4115576206744448,0.2522281826464459,0.15932943802799887,5.333333333333333,3.6333333333333333,38.02747791952895,34.61538461538461,0.760549558390579,0.10256410256410256,6.068976811449261,2.795508549596134,8.916529128451609,6.244684506569835,18.895806584455194,22.903453136011276,1.4410810399776544,5.2854122621564485,4.333333333333333,1.6666666666666667,5.03978486706274,17.68844249993603,,0.0,41.5,97.27170941144833,85.30061036579872,40.55779242836273,0.5642313417779551,40.5834468345402,4.380242311276794,0.6406829830504491,2.8143634099129935,2.1107725574347453,34.696175033137145
S. Tuano,ADMU,40.2,5.0,21.366666666660002,0.47813938408333334,19.815882951711075,0.17682192547089953,0.1594209085926193,0.01740101687828024,6.8,6.5,49.199466310873916,51.11111111111111,0.9839893262174783,0.7555555555555555,8.323894599622198,7.962144211912039,8.76644202824224,2.6050547777989643,15.281401416332981,6.670224119530416,5.210109555597928,13.340448239060832,0.5,0.5,-6.274063544808366,31.106825883945053,,0.0,39.21951219512195,84.87835507753168,94.4961698210299,43.76761156435118,0.5133654584840022,57.06767923126071,4.842615012106537,0.6704862763458462,1.9264083136791499,1.4448062352593625,38.38690873306356
R. Gonzales,DLSU,40.166666666666664,6.0,13.005555555533334,0.7034923758542586,28.94071348316287,0.5184502656643712,0.31900945003406933,0.19944081563030197,9.0,5.983333333333333,66.93198263386397,66.0,1.3386396526772792,0.24,11.497602670018487,9.427153147064967,13.469819186408518,3.9746785084611105,15.151993434172528,14.409221902017292,5.299571344614813,19.21229586935639,0.75,1.0,-4.906004355153899,18.938267894809133,,58.919707169156034,40.166666666666664,109.03354446627085,77.34262564496132,52.788461578750876,0.7746770279413643,55.56053779325929,6.285253827558421,0.9485845026002757,12.309462254757328,9.232096691067996,25.15926754506677
K. Porter,ADMU,39.0,5.0,24.68666666668,0.2026119678823253,14.119352326032303,0.21050384616017032,0.09455992633674763,0.11594391982342268,9.6,5.32,40.58441558441558,37.5,0.8116883116883117,0.2727272727272727,15.167265342050635,6.891350850433795,25.291607435856005,0.9018850189401638,4.06322778851113,3.61794500723589,1.8037700378803276,7.23589001447178,0.5,0.75,-2.1721170576390696,20.504275829080115,,38.444804512836676,38.048780487804876,83.26687100380502,88.78148929232003,37.8189189920579,0.6509778727599185,45.01823675152576,7.74818401937046,0.8683836407446771,8.922134192272381,6.691600644204286,44.35155165012651
League,League,38.2491139290228,5.5891885948,19.574152522333133,0.29026654060669127,16.152873748848464,0.307028492651212,0.18414611811880682,0.12288237453240516,7.4899075467139395,4.5069153696774436,45.01086478983639,41.25270613416085,0.9002172957967278,0.30939317038385267,10.669112477282807,6.323318816296954,15.014906138183601,4.426537622022427,17.61964666024718,15.207579615404734,4.065611635036217,13.967601295768636,1.088775323219724,0.47735360649983305,-2.0534475965769365,20.738783876521087,1.9407343766122211,41.37055596772863,38.04236196183889,89.27221080674002,87.58593439969148,41.57340408216622,0.6129684451411096,46.39024086392247,5.399427329360847,0.7836995927506338,4.141301057784393,3.1059757933382945,36.062247762652646
R. Alforque,FEU,38.0,6.0,21.569444444416664,0.36515456815277264,16.491299538864276,0.3726321364976294,0.1342858144826878,0.2383463220149416,8.166666666666666,4.949999999999999,44.15760869565218,39.473684210526315,0.8831521739130436,0.3684210526315789,9.293449628297399,3.4420183808508886,15.14488087574391,6.733488208075052,29.5520081419277,22.484541877459247,4.6292731430515985,15.458122540753234,1.4545454545454546,0.6363636363636364,-0.25442583341375286,19.425543871987177,,0.0,37.224489795918366,85.07735352857992,82.19506570569872,41.03194229269958,0.6609470907166121,45.84687486409149,7.903055848261328,0.881917103688197,5.890328430867446,4.417746323150585,39.603049478407044
I. Manansala,NU,37.833333333333336,6.0,21.74444444443333,0.5943597820769283,19.97684590170084,0.44563195531240474,0.351299489682744,0.09433246562966073,9.166666666666666,6.166666666666668,42.765502494654314,33.69565217391305,0.8553100498930862,0.5,13.335030288761509,10.972756367162642,15.996089844712802,2.0799896656216643,8.406932917351218,7.449344457687723,2.4959875987459976,8.939213349225268,0.8333333333333334,1.0,-2.053889558410456,21.085110826012862,,0.0,37.833333333333336,95.64760129399423,90.50315954229903,46.628520748626734,0.6307834786948963,47.548815243311246,7.40354535974974,0.9617290230673694,6.351796220602581,4.763847165451936,40.06430162162694
J. Macalalag,DLSU,37.666666666666664,6.0,20.391666666666666,0.26139383911383246,15.11425105532328,0.4351933335422953,0.3543768708543599,0.08081646268793534,6.5,4.783333333333334,51.147704590818364,51.35135135135135,1.0229540918163673,0.1891891891891892,5.866424269274985,5.260957588226729,6.443164428959637,2.957501553741131,9.975151185885162,13.440860215053762,2.1125011098150934,9.600614439324119,1.4,0.6,-0.2607491303499897,15.277864465437137,,18.78913424366689,37.666666666666664,106.80400996816357,90.95197121946465,49.276795493665595,0.4616806912881147,48.90244461856995,4.512489927477841,0.7431545832141785,0.15752287316524083,0.11814215487393062,39.447711031322235
C. Manaytay,UST,37.666666666666664,6.0,19.497222222216667,0.5245942666668673,19.833544459330707,0.381407782458111,0.3538454807398638,0.027562301718247174,9.0,5.75,62.77901785714285,58.06451612903226,1.255580357142857,0.3548387096774194,8.767411531340516,4.499066443714212,12.822339364585503,4.193933627371829,16.615938480006836,16.11747851002865,5.1259188778989015,19.69914040114613,0.8181818181818182,0.5454545454545454,-4.313861820797421,19.305637281812437,,20.849332300139032,37.666666666666664,100.41132450094088,94.00317639035913,46.82663491664897,0.595855581219076,53.16672066604231,6.435643564356436,0.9485845026002757,5.842698126856154,4.382023595142115,35.765945131086646
M. Ojarikre,AdU,37.166666666666664,6.0,21.536111111116668,0.43827457270085246,17.637478842733028,0.40162423201116393,0.12128992461732524,0.2803343073938387,11.5,5.483333333333332,51.546391752577314,55.55555555555556,1.0309278350515463,0.6666666666666666,19.900130824928993,14.682573467668295,24.63146419907579,0.0,0.0,0.0,3.4934230808511435,25.575447570332482,0.0,0.0,-6.467975515211981,11.447385049985428,,233.1396079907999,37.166666666666664,88.43364750720461,80.11683901062355,45.27517218482627,0.7716582163632631,59.2853811455431,8.704883227176222,1.140033263767942,8.557528900084309,6.418146675063232,38.16695838078902
J. Pasaol,FEU,37.166666666666664,6.0,26.011111111116666,-0.4382652247015313,5.175533308522707,-0.1805628353901007,-0.47091525769148995,0.29035242230138925,4.166666666666667,1.3166666666666664,32.23726627981947,27.27272727272727,0.6447453255963894,0.2909090909090909,8.56277426119191,1.141703234825588,15.983845287558234,4.885715927346351,20.535724976944408,14.577259475218659,6.97959418192336,20.824656393169512,0.7,0.4,-6.751359577803744,23.95822483155378,,0.0,36.40816326530612,59.13867325016392,82.05769035863959,28.703331572814722,0.6640957168756636,38.75616937421155,2.73972602739726,0.53239713749995,-1.909238562139507,-1.4319289216046303,47.75826855329819
M. Erolon,AdU,36.833333333333336,6.0,15.641666666650002,0.43535827426252244,20.144135655499227,0.34638783642675536,0.2804715736988123,0.06591626272794304,5.666666666666667,4.199999999999999,44.031311154598825,43.75,0.8806262230919765,0.05,2.4034513561499886,1.0107795426654498,3.6663401332524557,11.423496576354566,60.25250556618421,28.840315725561627,3.607419971480389,9.107468123861567,3.1666666666666665,1.0,7.421152869458481,23.62171397170464,,0.0,36.833333333333336,95.73129989113961,90.65166202304398,41.476722360342166,0.5346246985838035,42.55030091566299,5.201698513800425,0.6704862763458462,3.332200963487112,2.499150722615334,27.720642672763898
M. Belmonte,UP,36.0,6.0,12.822222222199999,0.2592786329223994,17.594047471944446,0.3182170687133028,0.18939770420799237,0.1288193645053104,5.833333333333333,3.2999999999999994,47.63469119579501,46.666666666666664,0.9526938239159001,0.03333333333333333,11.783717108117077,6.665777896292049,16.23575344851506,4.81067983219401,16.3640614042293,16.114180478821364,4.123439856166295,13.812154696132598,1.1666666666666667,0.16666666666666666,-1.6965408941864661,21.073269127453077,,65.53748015682098,36.0,94.88374271162948,83.67165640803161,43.65651581833212,0.6025888539474389,44.4689622818835,4.753028890959926,0.6852226948341995,2.891238404994749,2.1684288037460617,24.251596600944115
J. Felicilda,UP,35.6,5.0,14.94999999998,0.14344750010146784,14.677250504405833,0.276756465888495,0.15998469111029148,0.11677177477820352,5.6,3.0,62.04044117647059,65.0,1.2408088235294117,0.2,7.659727255208156,1.372095017581803,13.129266079016954,4.243879236578838,13.8908985675244,17.261219792865358,4.951192442675311,20.138089758342918,0.8571428571428571,0.2857142857142857,-3.9287120907499835,17.117714543086755,,0.0,35.6,96.0726802984536,84.47777586839025,42.112744969632146,0.5836068950876874,53.03662089284754,3.075489282385834,0.5796278292599885,3.9225558658327144,2.9419168993745357,28.27601666081734
P. Palacielo,NU,35.5,6.0,21.138888888883333,0.0005979791138313648,10.829476515259932,0.01253064979399704,-0.16470266962784627,0.1772333194218433,7.333333333333333,2.7000000000000006,35.42132736763609,35.294117647058826,0.7084265473527218,0.11764705882352941,14.06875125178061,7.303409641055935,21.68978824409892,2.567488951771198,11.029270970298866,8.375209380234505,5.134977903542397,16.75041876046901,0.5,0.5,-6.338179026241678,22.918129737701165,,58.88735612130163,35.5,69.45894460583348,85.66107660793497,34.87239085595334,0.7414956874545746,41.05929039350206,3.3368091762252345,0.8135237057665631,2.1955636267273726,1.6466727200455296,38.948560978622474
G. Wilson,UE,35.2,5.0,15.993333333339999,0.6388237494754299,26.87713717938823,0.46142811155906227,0.4351634520491699,0.0262646595098924,7.6,6.18,65.53708439897697,59.61538461538461,1.3107416879795395,0.46153846153846156,4.856392428882179,3.555984029679131,6.221497763368961,4.807225016423657,25.378256876283178,15.459363957597173,4.807225016423658,15.459363957597173,1.0,0.42857142857142855,-2.966814399775845,22.70870294626875,,0.0,35.2,112.78060233559559,93.33656044965565,51.10019488115219,0.48081704881282716,55.27862132106068,8.981233243967829,0.7288168464852351,4.204127010370741,3.153095257778056,29.122830639651067
S. Enriquez,NU,34.833333333333336,6.0,19.127777777766667,0.7033788786709566,23.13883426775583,0.5184150568718819,0.542217730716958,-0.02380267384507601,8.333333333333334,6.216666666666668,58.777429467084644,53.03030303030303,1.1755485893416928,0.36363636363636365,5.44178317733511,2.2012626687265335,9.092171892566116,8.512310887155836,34.27746230407333,28.002489110143124,3.783249283180372,12.445550715619166,2.25,0.375,3.5022903274553085,17.857538285709417,,0.0,34.833333333333336,113.57550576733975,97.18422836838413,45.92108320435511,0.4780236237651381,51.16110687961688,9.071949947862356,0.8953816888300937,5.9741819448290645,4.480636458621799,35.24307370548082
E. Gollena,DLSU,34.833333333333336,6.0,16.85555555555,0.3973274463421305,18.71678477733631,0.5088918218452932,0.4359128515276953,0.07297897031759795,6.166666666666667,4.916666666666668,59.45475638051043,53.70370370370371,1.1890951276102086,0.6296296296296297,6.209993900900894,9.092355602030592,3.464386587051072,1.5334084357769655,4.995212920952731,6.899724011039559,3.0668168715539315,13.799448022079117,0.5,0.6666666666666666,-3.78541733533271,16.596973530584275,,22.73088900507648,34.833333333333336,116.13115236271973,90.5134089679277,52.35841845611653,0.47176702331444176,56.977692828443566,3.30378726833199,0.7143844592397374,0.8260544931683361,0.6195408698762521,32.60709856122932
J. Bayla,UP,34.166666666666664,6.0,16.122222222233333,0.13436746207469,13.611991027945631,0.39853085348409734,0.25138985274698766,0.14714100073710965,5.166666666666667,3.1,57.98969072164948,58.333333333333336,1.1597938144329896,0.6666666666666666,7.892000169891787,4.2411069289055225,11.067870126734858,2.732856417415792,8.047426164858676,15.024038461538462,2.7328564174157917,15.024038461538462,1.0,0.6,-1.6866025085169192,13.006826488659941,,26.06142388035432,34.166666666666664,106.4605367493509,84.77264497097244,47.05677086206347,0.5766635157878793,58.498340614760494,2.8890959925442683,0.6256075418983653,4.341273250960791,3.2559549382205932,30.493125362266166
D. Fikes,UE,34.0,5.0,18.17999999998,-0.03341751202047787,10.081064915717993,0.06363493676368093,-0.033545501676824935,0.09718043844050586,4.6,2.2399999999999998,40.849673202614376,35.41666666666667,0.8169934640522876,0.625,10.146645732545581,9.384824738408334,10.946368268679704,4.229018267113255,17.826219822780047,14.403292181069958,6.6456001340351145,22.633744855967077,0.6363636363636364,0.36363636363636365,-7.084203842861749,21.70995088126001,,55.84314776661474,34.0,75.21772945175981,88.01830857275577,37.13257832164242,0.6053929879102737,48.75723158083955,0.6702412868632708,0.5001227174488009,-2.1341352869651558,-1.6006014652238667,33.10460990171238
C. Austria,DLSU,34.0,2.0,11.94166666665,0.00045108192646677817,10.857962652011144,0.021891033581961185,0.008793989591225185,0.013097043990736001,4.0,1.9999999999999991,38.07106598984772,28.57142857142857,0.7614213197969544,0.2857142857142857,13.148026165633913,15.400534206051766,11.002388944651944,8.657569098213115,26.636700378782713,25.188916876574307,8.657569098213116,25.188916876574307,1.0,0.0,-5.343082668253866,20.625487388571436,,0.0,34.0,79.81129168322835,91.75733594425442,36.650867053145845,0.4431584040003844,41.63000028094279,0.8058017727639001,0.22651564095289925,-7.727264100800679,-5.795448075600509,23.101172827055937
G. Crisostomo,UST,34.0,6.0,18.672222222233334,0.2225460308192318,14.81271813698057,0.2911715604650994,0.1970452601273023,0.09412630033779706,9.5,4.083333333333333,48.842257597684515,44.0,0.9768451519536903,0.24,19.225047490433255,8.456129911205604,29.455519190699523,1.4597451220121471,5.249012165067988,8.417508417508419,2.432908536686912,14.029180695847362,0.6,0.4,-2.7026774281598147,14.04734149183882,,65.31157248492134,34.0,95.4972013062393,89.66214080356997,46.06061562627083,0.696091582715655,47.2829988480694,5.775577557755776,0.9878405441230007,11.402361332027509,8.551770999020631,34.25255494676962
J. Cruz-Dumont,UE,33.8,5.0,17.91333333332,0.048002880360869124,11.897251092580039,0.20762489125666012,0.09619906327352258,0.11142582798313755,5.6,2.9400000000000004,30.165912518853695,21.73913043478261,0.6033182503770739,0.34782608695652173,10.297693677946391,3.1748439476033274,17.774914041639857,6.131390724873062,23.48814631551191,27.38225629791895,0.0,0.0,inf,inf,7.568066080143035,14.046124110122463,,28.337228127931557,33.8,88.61212142369858,86.7619782099667,38.76763468674563,0.6348215554891972,39.54801226778154,4.557640750670242,0.5796278292599885,7.577197761403364,5.682898321052523,32.619027064881855
C. Koon,ADMU,33.666666666666664,3.0,21.96666666666667,0.045274316964847024,12.200901018199431,0.06298058098555638,0.08097379736852901,-0.017993216382972636,5.333333333333333,3.8333333333333326,42.279411764705884,42.0,0.8455882352941176,0.2,6.392001164071757,3.872332655412765,9.474438273649506,4.223166698453755,19.414717302774882,14.619883040935672,1.6892666793815023,5.847953216374268,2.5,0.5,2.0342310228734997,21.04796502816967,,0.0,32.84552845528455,86.49516983685915,97.70455670593675,35.77332507306609,0.436105870140418,45.15214986123718,2.0581113801452786,0.38095238095238093,0.39976474801233347,0.2998235610092501,39.464856248200896
D. Ududo,UP,33.5,6.0,10.64444444445,0.22170023840513114,17.797309173184985,0.29845054679792987,0.2014982469682603,0.09695229982966956,4.5,2.666666666666666,44.80286738351254,38.46153846153847,0.8960573476702508,0.6538461538461539,17.182915035871783,24.08864621806997,11.175699063253282,0.8278443970085546,2.7545679919181003,2.4108003857280615,5.794910779059883,16.875602700096433,0.14285714285714285,0.14285714285714285,-9.707295314678648,28.199041641251245,,78.94598340375875,33.5,93.27933147486202,84.79459575131534,47.55330971410981,0.5761466335763729,53.56130924115672,0.65237651444548,0.5640317198367825,-3.270027161526771,-2.452520371145078,20.132607923532806
J. Calisay,AdU,32.833333333333336,6.0,17.672222222216668,-0.01828970400765352,10.473294828147798,0.1478327041145519,-0.045185307973122625,0.19301801208767452,5.0,2.433333333333333,30.706243602865918,27.77777777777778,0.6141248720573184,0.19444444444444445,11.48737924661117,4.473199940855762,17.84790743426751,4.257231868257532,17.947335786557993,15.661707126076744,2.128615934128766,7.830853563038372,2.0,1.25,1.3136910345139678,19.212830912426213,,23.676141946370453,32.833333333333336,74.17689833570222,82.62384348822154,32.11649400019738,0.7152506156173084,39.39026378241674,3.821656050955414,0.6104100091374772,6.6507327210669365,4.988049540800202,31.319255671151907
E. Abadam,DLSU,32.333333333333336,6.0,18.388888888866667,-0.07442739366834626,9.464117269423957,0.25806791419533676,0.19180636694306363,0.06626154725227311,3.6666666666666665,2.566666666666666,42.229729729729726,39.0625,0.8445945945945945,0.25,3.659259677560398,2.50026044379925,4.763269896581053,3.7481258361743417,11.832131632481033,16.488046166529266,2.342578647608964,10.30502885408079,1.6,0.6,0.2891479404685178,15.228089369210212,,20.835503698327084,32.333333333333336,95.0625159638395,91.3826407416746,43.5681055320789,0.45177588124254864,44.289407426857615,1.7727639000805802,0.48372408956048846,-2.7887928877582655,-2.091594665818699,35.573334290565
M. Llemit,UST,31.666666666666668,6.0,17.313888888883334,0.26541055529535057,15.955330173051427,0.3106193593655311,0.28254229205686526,0.02807706730866583,6.666666666666667,3.9500000000000006,53.648068669527895,47.91666666666667,1.0729613733905579,0.375,8.392057164721496,4.05312977615032,12.514038183864114,4.198045546895402,14.761320215582305,19.53125,2.6237784668096262,12.20703125,1.6,1.0,0.3238568492451806,15.29792665752397,,46.95699130905859,31.666666666666668,103.08778346691835,93.75425390601379,43.5288379119671,0.6016032868101804,49.946348005194324,3.6303630363036303,0.7574006940638578,6.722420310403781,5.041815232802836,31.760811511904123
I. Espinosa,ADMU,31.2,5.0,17.71333333332,0.15123352909335058,14.252209937649946,0.11829532809309205,0.022792341823960154,0.0955029862691319,6.2,3.8199999999999994,32.70348837209303,27.083333333333332,0.6540697674418605,0.3333333333333333,8.983764777462024,3.8417270905817587,15.274277886792705,6.913150635404063,27.94473015678736,26.49325626204239,1.8854047187465626,7.225433526011561,3.6666666666666665,2.0,4.919248355185468,16.36917931683765,,80.36946430817741,30.4390243902439,79.76228763925316,87.75848961066426,37.74588170807549,0.6756122255096295,41.13032757176305,4.963680387409201,0.6256075418983653,7.056257993257755,5.292193494943316,31.82340608539935
K. Padrones,NU,31.166666666666668,6.0,20.5111111111,0.7412003292783323,22.92573668892407,0.5031475673948614,0.47079356111178766,0.03235400628307379,10.333333333333334,6.683333333333333,65.78947368421053,70.0,1.3157894736842106,0.56,12.32444711161542,11.63254832640192,13.103858786658293,0.8820237867002648,3.686598191521363,5.107252298263535,2.6460713601007946,15.321756894790603,0.3333333333333333,0.3333333333333333,-3.8104324296676193,13.371473725605124,,121.37940955667128,31.166666666666668,116.62340234709332,93.80722329560076,56.52113595804619,0.5552374376688827,63.064991825255184,7.820646506777893,1.0521422786760468,5.389146213647118,4.041859660235339,37.791875724844694
D. Dungo,DLSU,31.0,6.0,10.030555555533333,0.4709516431159091,26.54881976181237,0.48015392154888015,0.43863435259883643,0.0415195689500437,5.833333333333333,4.166666666666667,72.42990654205607,61.76470588235294,1.4485981308411215,0.5882352941176471,6.708473848095882,4.583695413449932,8.732441627083448,6.87139103724706,22.935368847380996,23.25581395348837,4.294619398279412,14.534883720930234,1.6,0.2,0.5300912118259528,18.189066388410165,,0.0,31.0,134.20870030601785,90.74122351886898,53.41847109303658,0.46652760019225203,58.37249599782602,4.270749395648671,0.6852226948341995,8.140830704202363,6.105623028151772,19.4041253962388
S. Quitevis,ADMU,30.4,5.0,27.53000000002,0.049082882507885714,11.536720623616263,0.30702173050684933,0.35198999476314774,-0.044968264256298435,8.2,4.659999999999999,63.9386189258312,53.84615384615385,1.278772378516624,0.46153846153846156,4.080231279448095,1.8538810170106492,6.8038374380644635,6.469897518120458,24.804794585275147,46.18937644341801,1.2131057846475861,8.660508083140877,5.333333333333333,1.0,5.5998618985963,6.43253812513974,,0.0,29.65853658536585,129.0478874425987,98.09940476667391,54.63282619801744,0.4265977279726754,53.529038218778695,5.932203389830509,0.7715580340143142,2.5293101637153566,1.8969826227865174,49.459825152371465
S. Torculas,UP,30.0,4.0,8.158333333325,0.12215537855746841,18.34397275487525,0.113350842210859,0.03910416891193249,0.07424667329892651,3.5,2.174999999999999,44.08060453400503,43.333333333333336,0.8816120906801007,0.13333333333333333,13.159043694942943,12.571697964969234,13.669968976778812,3.2403470166922146,11.32556273891409,9.140767824497257,6.480694033384429,18.281535648994513,0.5,0.5,-7.999216310070639,27.103354032515053,,77.25255577213235,30.0,84.03929166610156,79.35793622196644,39.54015571683179,0.7041654354976942,45.22749941798108,1.5843429636533084,0.3446487693047804,1.2700784440318917,0.9525588330239187,15.430446104207878
R. Maga,UE,29.8,5.0,17.31333333334,0.19861953080944397,15.431766541318776,0.18799144631692902,0.15395677996651513,0.034034666350413884,4.8,3.5799999999999996,52.48091603053435,51.61290322580645,1.049618320610687,0.03225806451612903,3.364599182774947,2.1899128962137095,4.597727573145202,2.537550539501781,12.897123941353868,9.652509652509652,3.8063258092526713,14.47876447876448,0.6666666666666666,0.6666666666666666,-3.915170111151592,20.517032132382486,,0.0,29.8,90.85017798952391,92.8718621036336,39.594942497433685,0.49170224834694026,45.61543338499409,4.557640750670242,0.5163440020627684,-1.7943957926742573,-1.345796844505693,31.526465682022273
R. Torres,UP,29.2,5.0,11.983333333320001,-0.15198762425407894,5.72133310568503,0.054378389374063966,-0.03414989078988832,0.08852828016395228,2.2,0.8,32.58293838862559,31.25,0.6516587677725119,0.125,5.574342540037226,3.423558360975244,7.445284911414563,6.176939667703413,18.210395100559452,24.238227146814406,4.412099762645295,17.31301939058172,1.4,0.6,-0.5445919866175147,16.246797534039345,,0.0,29.2,72.6076398668558,85.08554326258127,35.64443468218833,0.569295597271233,38.95668673153372,0.3727865796831314,0.2876240645017732,-3.331171511036036,-2.498378633277027,22.664945350203173
V. Marasigan,DLSU,29.166666666666668,6.0,10.216666666666667,0.22105710732998463,18.06836518325072,0.2616625770832512,0.20438504555893403,0.05727753152431716,4.333333333333333,2.6999999999999997,55.70117955439057,55.55555555555556,1.1140235910878113,0.2962962962962963,9.513500327788874,7.500328139356097,11.431157047427394,1.6865547196468298,6.519701723646143,5.192107995846315,5.059664158940489,15.576323987538942,0.3333333333333333,0.16666666666666666,-7.286087852797681,24.70318857376064,,0.0,29.166666666666668,98.79839268738012,88.9856088091761,45.30984282307009,0.5069043376114195,51.90181625480277,1.8533440773569703,0.5482904938570397,1.725746096094523,1.2943095720708921,19.76415763154927
J. Yerro,AdU,28.666666666666668,6.0,21.125,-0.2714918409936528,6.514685598443848,-0.0048784173760136745,-0.07750391676967563,0.07262549939366196,3.0,1.6333333333333329,39.267015706806276,32.926829268292686,0.7853403141361256,0.2682926829268293,5.3387907638919785,3.7420773206726383,6.78670653856758,1.7807040858544316,7.86675680658841,6.574621959237343,4.896936236099687,18.080210387902696,0.36363636363636365,0.45454545454545453,-6.868591684397796,21.206264876843985,,0.0,28.666666666666668,73.21169090193925,91.58064868055105,33.0470971648261,0.5137224987898944,41.719303356329114,0.7430997876857749,0.4161358043205629,-4.753602646589717,-3.565201984942288,37.43837462734755
R. Jumamoy,NU,27.666666666666668,6.0,13.772222222233333,0.0036839177819373505,10.909608810911918,-0.10273841779423233,-0.19021207492050407,0.08747365712627174,2.3333333333333335,1.7833333333333339,32.24023581429624,24.489795918367346,0.6448047162859248,0.24489795918367346,7.018059506540778,5.095433217974276,9.183863823700671,5.254428108903569,21.522813808955515,10.91703056768559,7.224838649742407,15.010917030567686,0.7272727272727273,0.7272727272727273,-6.890969314105224,34.98395303482464,,30.12859890295993,27.666666666666668,67.91285072484479,88.0938178870523,29.01290825872782,0.6858720717497566,37.68226473626129,0.8342022940563086,0.3446487693047804,-3.8377498562835894,-2.878312392212692,25.37542251408893
R. Mantua,AdU,26.833333333333332,6.0,14.538888888883333,0.22762406758143092,16.06483426639875,0.2583241770055507,0.21717026581091545,0.041153911194635275,5.0,3.099999999999999,57.61173184357542,53.84615384615385,1.1522346368715084,0.23076923076923078,5.171507293263789,2.1748947668113328,7.888865605781609,4.52788412354303,22.397710456276318,16.040329972502292,5.1747247126206055,18.331805682859763,0.875,0.25,-3.9920244371314633,19.862370445262957,,28.778680753308954,26.833333333333332,95.96644013153858,92.30742153067354,41.80214310736274,0.4973701096621387,49.14129777520712,3.9278131634819533,0.6104100091374772,0.6847228553839565,0.5135421415379674,25.766265982835268
C. Anonuevo,FEU,26.0,2.0,16.2666666667,0.01889152838823672,11.98717127234461,0.009194723812834926,-0.0797471403895311,0.08894186420236602,5.0,2.7999999999999994,22.084805653710244,20.0,0.4416961130742049,0.3,15.061475409805203,13.692250372550184,16.43070044706022,3.3482028647238917,13.218948958639881,13.054830287206265,3.3482028647238917,13.054830287206265,1.0,1.5,-2.0241973324295026,18.66013584145075,,71.04469532926983,25.46938775510204,58.9260908093745,75.65531734159384,30.28949406287428,0.8108373236706448,39.401399358329066,1.053740779768177,0.2677815834239758,5.527139421693206,4.145354566269904,29.86676854427889
M. Anabo,AdU,25.666666666666668,6.0,15.163888888899999,0.03547503899679743,11.603713079870056,0.19917781620239766,0.11225383567875057,0.08692398052364711,4.0,2.366666666666667,41.47812971342383,39.130434782608695,0.8295625942684767,0.34782608695652173,7.933370704645538,1.042626782329898,14.181966447820654,4.341261312071405,18.36664413349937,19.16757940854327,1.8605405623163165,8.214676889375685,2.3333333333333335,0.6666666666666666,1.913743900340977,15.343081418343676,,0.0,25.666666666666668,89.58151930009899,88.8347960742081,38.74630097325255,0.5755041824326109,45.6129554332782,3.9278131634819533,0.5163440020627684,5.884654938635524,4.413491203976643,26.873910202608815
L. Ramiro,DLSU,25.666666666666668,6.0,12.919444444466668,-0.2099045631614686,5.377194083588568,0.09263950237933628,0.019089613854072113,0.07354988852526417,2.3333333333333335,0.85,37.07627118644068,36.11111111111111,0.7415254237288136,0.1111111111111111,4.629694749588646,1.1862484152442172,7.909765892887536,4.66803244592051,13.935721484625684,22.66839378238342,3.334308889943222,16.191709844559586,1.4,0.4,-0.4115586682210239,12.773854133939752,,59.31242076221086,25.666666666666668,80.37832931526096,88.88187741116417,33.18078918297981,0.50929001790706,40.51478357167415,0.40290088638195004,0.3446487693047804,-2.9539463362882223,-2.2154597522161668,24.99268546614839
C. Briones,UP,23.666666666666668,6.0,8.422222222233334,-0.14052485006858684,5.23052212458799,0.05013940132290815,-0.003199475169232683,0.053338876492140835,1.3333333333333333,0.5333333333333332,30.0,30.0,0.6,0.0,5.665217140421719,2.029632636490117,8.827770203321327,5.231364989007672,15.32019201305054,22.727272727272727,2.092545995603069,9.090909090909092,2.5,0.5,2.582860411458056,14.967148576222908,,0.0,23.666666666666668,76.89126328734815,88.11577069636093,34.32988291696718,0.4979418397796268,36.88279002839725,0.65237651444548,0.22651564095289925,-2.7392513582202356,-2.054438518665177,15.92955825266183
K. Paranada,UST,23.666666666666668,6.0,10.02777777775,0.04758887405190464,12.409811138691301,0.04282673981629785,0.07070222042239767,-0.027875480606099817,2.6666666666666665,1.5999999999999996,49.83388704318937,45.23809523809524,0.9966777408637875,0.3333333333333333,4.261666311539613,1.7495261700004725,6.6481994460017955,9.060394007570336,33.78219865821171,23.212627669452182,8.154354606813301,20.891364902506965,1.1111111111111112,0.2222222222222222,-3.9141823239476716,26.509454878705327,,0.0,23.666666666666668,83.72625293716301,99.02175898854553,34.317004544828485,0.4799747867023482,46.40655467753487,1.0726072607260726,0.38095238095238093,-2.487779040383143,-1.865834280287357,18.395079345049425
S. Alter,UP,23.4,5.0,5.56333333334,0.03243512140798187,13.163724171239021,0.09024296484269723,0.02201365263161589,0.06822931221108133,2.4,1.02,40.48582995951417,44.44444444444444,0.8097165991902834,0.2222222222222222,20.583509130929574,18.43572844169796,22.45183880111618,0.0,0.0,0.0,3.8014376624740995,16.835016835016834,0.0,0.5,-7.038255932482119,19.00113088004041,,0.0,23.4,83.47013633248852,78.08236616809128,40.91622393202591,0.7342017011829521,48.847897383832176,0.8387698042870456,0.307019980521012,6.027867403284911,4.520900552463683,10.522334851064398
E. Alian,DLSU,23.0,1.0,4.7166666667,-0.028214167322399644,-1.203422540838695,-0.02548269445624361,-0.024779160225667885,-0.0007035342305757226,1.0,-0.30000000000000027,0.0,0.0,0.0,0.0,9.51091443472688,19.495552576930578,0.0,21.919251797940642,59.512739445367025,50.0,21.919251797940642,50.0,1.0,0.0,-13.52762802746112,17.582374646091505,,0.0,23.0,50.98719850850364,96.76602306308408,22.88410027157494,0.3279654499340966,23.419297565900955,-0.08058017727639001,0.047619047619047616,-24.945802104740913,-18.709351578555683,9.12439903714188
D. Walker,UP,22.25,4.0,4.59166666665,0.043037355032846926,15.529895659691633,0.05935295841761701,0.021423275082768502,0.03792968333484851,1.5,1.1,33.33333333333333,33.33333333333333,0.6666666666666666,0.0,2.597843068639392,0.0,4.8576768160803505,11.514699562068792,32.47851681452627,50.0,2.878674890517198,12.5,4.0,2.0,8.882977277200068,9.689419127432997,,0.0,22.25,92.0777907935872,80.86615330163991,43.52094804685179,0.6686509541264108,37.613664610704035,1.1183597390493942,0.18255517264179213,5.297880519888181,3.9734103899161353,8.684551382427339
P. Francisco,NU,22.166666666666668,6.0,11.752777777766667,0.2929893953941408,19.17134036505951,0.19368114512241014,0.10217833593164023,0.09150280919076989,4.5,3.116666666666667,37.93103448275862,37.93103448275862,0.7586206896551724,0.0,8.856563214167627,8.359352647758216,9.416662073561627,3.0786403408165373,13.221713910591015,11.428571428571429,1.5393201704082686,5.714285714285714,2.0,4.0,0.9500028044932657,19.46766778859374,,0.0,22.166666666666668,88.48055568976605,86.37745406088287,40.37329602290541,0.7251160154835262,41.45945428005302,3.441084462982273,0.5640317198367825,7.211684452326543,5.408763339244907,21.654581011884257
A. Acido,UST,22.0,6.0,9.641666666666667,0.16814217074178045,16.662104808832822,0.12414897820876108,0.12492937322858243,-0.0007803950198213373,4.0,2.3166666666666664,53.13199105145414,50.0,1.0626398210290828,0.11764705882352941,12.410522350021054,7.278351453395805,17.28608470181504,4.711613708907851,17.12793137408829,17.93400286944046,4.711613708907851,17.93400286944046,1.0,0.2,-2.907807175662006,19.069701927556803,,42.16118219954888,22.0,93.5458945971036,95.79184309260695,35.455632772821886,0.5545546532126311,47.042472745805135,2.887788778877888,0.5163440020627684,5.311560167288506,3.9836701254663796,17.686792356466324
G. Stevens,UP,21.8,5.0,7.25333333334,-0.1752532878057293,1.1069731115112458,0.019728439288643256,-0.03706576069899483,0.056794199987638086,1.4,-0.1200000000000001,17.36111111111111,25.0,0.3472222222222222,1.0,14.471991579918871,14.140271493199673,14.760551060559362,2.9157166629922076,7.907221929354597,20.491803278688526,2.9157166629922076,20.491803278688526,1.0,0.0,-1.7994560587187407,9.519676178337422,,69.51309935732614,21.8,64.82587616408989,84.450113992157,30.73556307684629,0.5842582583439591,52.09912513289188,-1.1183597390493942,0.20492938431708813,-2.6155469859028364,-1.9616602394271272,13.718754125769767
J. Garcia,NU,21.5,2.0,11.45,-0.07313535493050675,4.400695920946786,-0.04653824547252673,-0.03952740356443327,-0.007010841908093467,1.5,0.2999999999999994,32.16911764705882,30.0,0.6433823529411764,0.2,7.792081297381537,3.6773155596414617,12.427291713412846,4.74007543012462,19.856865097422745,13.440860215053762,4.74007543012462,13.440860215053762,1.0,0.0,-2.9253725369775903,24.90717019029426,,0.0,21.5,67.54178230212123,97.89330586714756,34.223630770676586,0.4618108622048701,39.550444254397135,-0.10427528675703858,0.10854795509308464,-8.437680103424029,-6.328260077568022,21.096710690397373
A. Bongo,ADMU,21.4,5.0,16.793333333339998,-0.17763615080554293,6.567733269722117,-0.015408063216727056,-0.030746355564304866,0.01533829234757781,2.4,1.5399999999999998,30.737704918032787,16.666666666666664,0.6147540983606558,0.5,4.459260306599567,2.0260954505089317,7.4358731508525775,3.9773881204476833,14.99725659939615,16.09442060085837,1.3257960401492277,5.36480686695279,3.0,2.0,2.394804326450563,17.69589400286469,,28.257465484528506,20.878048780487802,74.40888111068809,94.35050547419317,31.94644853522608,0.516873130057491,39.24043674673115,0.12106537530266344,0.307019980521012,-0.36087767163447987,-0.2706582537258599,30.170553228909718
G. Robinson,UST,20.833333333333332,6.0,11.875000000016668,-0.10895535587766716,7.7463120657711775,0.02476775308263263,0.02167535487205847,0.0030923982105741585,2.6666666666666665,1.1833333333333333,34.871244635193136,34.375,0.6974248927038627,0.375,8.636977058017568,4.432132963982699,12.631578947350693,3.825499692069287,13.039934800305309,19.50078003120125,1.5301998768277147,7.800312012480499,2.5,1.5,1.8887482959922637,13.967416129503821,,0.0,20.833333333333332,80.6303734563973,95.38332672158973,38.49270768046135,0.5639874364179278,44.87887662358961,0.5775577557755776,0.38095238095238093,2.7717246340375654,2.0787934755281743,21.783646592912604
J. Jimenez,UE,20.0,2.0,6.60833333335,-0.09190686735905777,-3.157261290636082,-0.055879931129397285,-0.0631479916534959,0.007268060524098614,-0.5,-0.39999999999999986,0.0,0.0,0.0,0.0,3.6729147026682916,7.1717576184802665,0.0,4.1551190107642135,14.550392860570538,20.0,0.0,0.0,inf,inf,5.128724730713218,14.357123885192943,,0.0,20.0,27.18251170966574,91.74627484479589,12.059090110168476,0.5180682597829324,26.434351523696055,-0.6702412868632708,,-9.929779228783795,-7.447334421587847,12.033349675537682
A. Konov,DLSU,19.75,4.0,4.929166666675,-0.03626469299473249,7.1230245349473,0.030859384741007963,0.028779556335086377,0.002079828405921586,1.0,0.47499999999999987,37.5,37.5,0.75,0.0,6.825668939244747,9.327542484025388,4.442497423960997,5.243574183305624,15.327872778628038,28.57142857142857,2.621787091652812,14.285714285714285,2.0,0.0,1.618055254349991,10.51524096549165,,0.0,19.75,96.4278679637851,94.93753130870076,36.8536298337349,0.37001825971760716,41.210061723891876,0.16116035455278002,0.13468700594029479,-4.995957504966581,-3.746968128724936,9.535480619152658
C. Lane,UST,19.5,4.0,8.720833333325,0.0813387052943714,15.50678827449143,0.0942469638045258,0.08730972766217213,0.006937236142353675,3.25,2.0,51.369863013698634,42.857142857142854,1.0273972602739727,0.5714285714285714,8.820610827308219,6.035154776579308,11.466794075500685,4.688201963774901,16.464795066677873,21.802325581395348,3.125467975849934,14.534883720930234,1.5,1.0,0.0,14.872553550191341,,0.0,19.5,100.59300312566089,94.2669837419412,48.81304136927491,0.589764178935146,51.13994967563909,1.3201320132013201,0.3260154781915736,5.5535590539120845,4.165169290434063,15.9976043224065
M. Rubico,DLSU,19.333333333333332,3.0,3.2722222222,-0.034530776991018794,3.749691502300259,-0.014329621939604013,-0.034890503381163424,0.02056088144155941,0.6666666666666666,0.06666666666666672,75.0,75.0,1.5,0.0,4.569760246290336,0.0,8.92270705023843,5.265830440495049,16.682306328982158,16.666666666666664,15.797491321485147,50.0,0.3333333333333333,0.3333333333333333,-22.74892285464504,21.11974543681177,,0.0,19.333333333333332,55.66192370077601,80.65540373250366,19.744884431665184,0.6984876623418543,51.05062716962871,0.0,0.08008537288130614,-6.362204294137643,-4.771653220603232,6.330119002122601
W. Espina,ADMU,18.4,5.0,10.18999999998,-0.024204982914692353,9.865102734865022,-0.01960801472743623,-0.035711266786298906,0.016103252058862677,1.8,1.3799999999999997,32.49566724436742,27.500000000000004,0.6499133448873484,0.35,5.511715756796278,5.008571579827323,6.127237313392817,6.554818891351885,27.153816435848583,18.703241895261847,3.2774094456759424,9.351620947630924,2.0,1.0,1.973343833282042,24.315100858325664,,46.56889470441299,17.95121951219512,73.31941949870891,93.36875585880381,31.356270652116365,0.5405141602269733,41.43236195454648,0.24213075060532688,0.24743582965269675,-1.3878590875555437,-1.0408943156666577,18.307141965176534
E. Ramos,AdU,18.166666666666668,6.0,9.955555555550001,-0.1626351307263059,5.347400456025828,0.007863226280942211,-0.030537729330484795,0.03840095561142701,1.6666666666666667,0.5166666666666666,30.918727915194346,27.500000000000004,0.6183745583038869,0.3,9.06283566058508,7.940429136085741,10.080645161295948,1.8892654259110642,8.124210146241237,7.5075075075075075,1.889265425911064,7.5075075075075075,1.0,0.5,-1.1659741017829106,19.50662042876246,,42.02779438137432,18.166666666666668,73.5631388194211,91.07879344150201,35.415955473388784,0.525014241668498,41.61576947073939,-0.8492569002123143,0.2677815834239758,-3.5465655380350727,-2.6599241535263047,17.64354170471253
N. Mulingtapang,UE,17.6,5.0,8.09,-0.03972383033948607,8.846084079545934,0.033069832563465705,0.030165395862432057,0.0029044367010336446,0.8,0.9400000000000004,40.50925925925925,20.833333333333336,0.8101851851851851,1.0,3.60027362079518,2.343306053345362,4.919776888118124,2.715294087799202,10.507512871703266,8.976660682226212,4.072941131698802,13.464991023339318,0.6666666666666666,0.3333333333333333,-4.189409467929377,23.783667141245427,,0.0,17.6,82.17934778176999,95.17939148243632,38.05882022032859,0.4376501564165249,47.783759261077705,0.13404825737265416,0.13468700594029479,-4.803710388027355,-3.602782791020516,14.731369312714401
L. Estacio,UST,17.5,6.0,9.041666666683334,-0.008983813541029428,10.487143498296113,0.05171167637931497,0.05806593972316492,-0.006354263343849949,2.3333333333333335,1.3666666666666665,41.66666666666667,41.66666666666667,0.8333333333333334,0.0,3.781165071480682,0.0,7.373271889387331,8.038838062593676,25.804717424853603,50.0,2.009709515648419,12.5,4.0,1.5,6.201535303658505,7.11019468600514,,0.0,17.5,95.8667764567049,96.53603052993682,40.00529151882938,0.5373711098874069,41.16423928775456,1.8151815181518152,0.3446487693047804,3.4089628900544775,2.5567221675408582,16.586144949698646
R. Montemayor,FEU,16.6,5.0,14.25000000002,0.043446651039085134,12.045652892469313,0.169222923433224,0.13107111850548786,0.03815180492773614,4.2,2.3199999999999994,51.96304849884527,46.875,1.0392609699769053,0.1875,8.127591706527667,8.752791068568257,7.502392344487078,1.5288168402211129,6.554087945148362,8.576329331046312,3.0576336804422257,17.152658662092623,0.5,0.0,-3.697060297454915,13.637710617024993,,32.439589539841926,16.261224489795918,96.79389884275923,91.7699482615341,44.316267436404914,0.4414919531643729,47.5486497936031,2.107481559536354,0.46713797772820015,-3.374757547957101,-2.5310681609678256,26.164023673506108
A. Balogun,ADMU,16.6,5.0,8.13666666666,-0.004552009333679928,10.595103512641439,0.012179329961264133,-0.05317571979367255,0.06535504975493668,2.8,1.1599999999999997,34.72222222222222,27.27272727272727,0.6944444444444444,1.0,14.955694106963705,10.454187709623529,20.462613100664125,2.7363213643096818,11.212141929319545,9.157509157509157,5.472642728619364,18.315018315018314,0.5,0.5,-6.5902084919692,23.165293948606138,,233.2832627795621,16.195121951219512,69.66461516578953,83.87152451588514,37.07853701443501,0.7692123223499561,51.631767768860776,-0.36319612590799033,0.3446487693047804,2.8681759311362707,2.151131948352203,14.618166024549234
M. Barasi Jr,AdU,16.333333333333332,6.0,11.433333333316668,-0.21582314310110376,4.496318984929288,0.03666325233966148,0.007526916644395653,0.029136335695265827,2.0,0.6000000000000002,36.764705882352935,18.181818181818183,0.7352941176470588,0.8181818181818182,7.89144873847574,4.148469099673017,11.285620238895412,1.6450746565771002,6.247234297325967,10.020040080160319,2.46761198486565,15.03006012024048,0.6666666666666666,0.0,-2.5381749154480744,12.380560222665924,,36.595630481773824,16.333333333333332,78.81482268557654,92.64519655994214,38.269143833446876,0.48977017150359503,44.758245369172734,0.21231422505307856,0.307019980521012,-2.5398100507480197,-1.9048575380610147,20.262504926487566
M. Pangilinan,UST,15.333333333333334,6.0,9.124999999983332,-0.229417987312602,2.3975314246726533,-0.09003564882176404,-0.08162794385915007,-0.008407704962613977,1.0,0.1166666666666667,39.97093023255814,37.5,0.7994186046511628,0.3333333333333333,6.5566092963472995,1.9226147560717646,10.958904109609056,1.9913560040972937,6.599298824513143,9.633911368015415,4.978390010243235,24.08477842003854,0.4,0.4,-6.7593903058845575,16.521137985878006,,0.0,15.333333333333334,64.3572147394894,96.79766191636323,25.499232622962264,0.5313299513856896,44.13992544865354,-0.41254125412541254,0.18255517264179213,-2.3225871980388435,-1.7419403985291326,16.739012645026143
G. Santiago,NU,15.333333333333334,6.0,9.297222222216666,0.11714643686426376,15.041051773480326,0.17355362495037552,0.11327019842671156,0.060283426523663954,3.1666666666666665,1.95,38.98635477582847,23.52941176470588,0.7797270955165693,0.47058823529411764,9.596342727166384,6.038400452883643,13.604301415587653,0.9729404901396952,3.4670473998371207,4.440497335701599,0.9729404901396952,4.440497335701599,1.0,4.0,-0.6004574045129385,17.083695133232137,,44.63029380373025,15.333333333333334,95.47041470497598,87.9351635607364,37.902357142815326,0.689499636815,42.43503320333592,1.772679874869656,0.4333570896870438,7.636499920280863,5.727374940210647,17.130201523706408
D. Lim,NU,15.166666666666666,6.0,15.05555555555,-0.2132975135434309,6.073933554732978,0.04954293866960718,0.04397132350424833,0.005571615165358845,2.5,0.9833333333333337,35.18518518518518,35.18518518518518,0.7037037037037037,0.0,6.419841150086732,0.9322198485146186,12.60154894039524,0.6008176790584531,2.243899398511258,3.571428571428571,0.0,0.0,inf,inf,0.7415981302230057,13.23609073422391,,0.0,15.166666666666666,83.5149002323797,95.25209267570678,31.1193213327044,0.5222011013216672,39.260518043777,0.9384775808133472,0.362951962967582,1.5074736869912588,1.1306052652434442,27.739973785034348
K. Gamber,ADMU,15.0,4.0,6.404166666675,0.12076840601401949,20.296037583130644,0.03153098852915673,0.04100813079215195,-0.009477142262995222,2.5,1.875,57.692307692307686,57.692307692307686,1.1538461538461537,0.0,5.481234570094738,0.0,12.186704272596423,6.518569079634778,36.942483856357235,15.789473684210526,6.518569079634778,15.789473684210526,1.0,0.0,-3.924861482318486,29.669487338356912,,0.0,14.634146341463413,86.07562834476086,98.41790774423293,29.560503187219666,0.41892801424576304,46.44728080701438,2.179176755447942,0.2677815834239758,3.315133915700619,2.4863504367754645,11.50559257465169
J. Daa,FEU,13.666666666666666,6.0,18.391666666666666,-0.9755807783945044,-6.949980648599494,-0.4944872925692683,-0.5803523054443646,0.08586501287509622,-1.5,-2.5500000000000003,15.413070283600494,15.625,0.3082614056720099,0.03125,4.036742595872637,3.2293940766981093,4.844091115047164,2.9613466207315042,11.298870497265597,12.135922330097088,5.429135471341091,22.24919093851133,0.5454545454545454,0.2727272727272727,-6.266115167732987,17.941411954124014,,20.945362525754245,13.387755102040815,34.21523142445741,89.99127871288817,16.828112295466592,0.482258841758759,31.00734494750435,-5.584826132771338,,-14.617533364989598,-10.963150023742198,33.76842119727891
P. Yu,NU,13.333333333333334,6.0,12.880555555550002,-0.45694193916946785,-1.064235036416127,-0.2537125049096211,-0.22903813568723036,-0.024674369222390746,0.3333333333333333,-0.49999999999999983,16.31321370309951,9.523809523809524,0.3262642740619902,0.38095238095238093,8.081112563968938,6.537802344985397,9.819624075472138,3.51135628692799,11.872000052769808,15.375153751537518,2.106813772156794,9.225092250922511,1.6666666666666667,0.3333333333333333,0.4334118897788379,15.769088540417945,,0.0,13.333333333333334,50.461443682606244,97.98752363938364,26.200943276189818,0.45965661210009706,35.304666549767404,-2.0855057351407718,0.08008537288130614,-6.338907040717925,-4.754180280538444,23.732520007600787
K. Spandonis,UE,12.666666666666666,3.0,3.794444444433333,-0.06694315832048062,-1.0004171207519805,0.0022387582331704885,-0.010245889694568229,0.012484647927738717,0.3333333333333333,-0.20000000000000004,0.0,0.0,0.0,0.0,0.0,0.0,0.0,4.824318265818419,16.89379434625963,50.0,0.0,0.0,inf,inf,5.954727249601389,4.1673496489824515,,0.0,12.666666666666666,48.045580615850284,87.81972138279268,20.647687537390205,0.6100447393231451,25.0,-0.8042895442359249,0.047619047619047616,-1.3732462054215215,-1.0299346540661412,6.909439115886879
A. Ignacio,AdU,11.75,4.0,1.470833333325,-0.009094031801532418,7.713087152206733,0.004127385302827544,0.008924681440781734,-0.00479729613795419,0.25,0.175,0.0,0.0,0.0,0.0,7.667894949882631,16.123794914377708,0.0,0.0,0.0,,0.0,,,,0.0,0.0,,0.0,11.75,219.68669628244095,101.55003184111018,100.0,0.2894113776773139,28.224758982875542,0.10615711252653928,0.047619047619047616,-7.130891774862163,-5.348168831146622,2.6066560637828027
N. Tulabut,NU,11.25,4.0,4.14583333335,0.06779072789428418,19.036645009063122,0.022121230039749588,0.021995669138734467,0.00012556090101512165,1.75,1.0750000000000002,46.58385093167702,50.0,0.9316770186335404,0.16666666666666666,10.760120304079589,5.078021687363877,17.16090333081468,9.818387398439768,46.39424367690035,26.22377622377622,6.545591598959845,17.482517482517483,1.5,0.0,0.0,22.53796104285384,,0.0,11.25,85.21258122911112,95.64060999145636,41.80837307501552,0.5133178147792676,46.87920643773281,1.3555787278415015,0.20492938431708813,1.8851758489918335,1.4138818867438752,7.638728943606176
C. Alexander,AdU,11.2,5.0,7.37333333336,-0.2502607664261569,-2.8244161079951926,-0.12371356331695844,-0.1379239653652632,0.014210402048304743,0.2,-0.48000000000000015,34.01360544217687,30.0,0.6802721088435374,0.4,4.894696052953786,2.5731010871259032,6.999941667127458,4.591632427511519,17.36139019717826,20.161290322580648,9.183264855023037,40.322580645161295,0.5,0.16666666666666666,-11.335039369184011,15.238444891844853,,0.0,11.2,45.48034141154801,92.92720544123134,18.918724034044722,0.48342497167458803,41.218804003669426,-0.7430997876857749,0.047619047619047616,-10.224052746798403,-7.668039560098802,13.067248075107267
A. Nakai,FEU,11.0,6.0,8.5222222222,0.003839682138431231,10.970934050161674,0.11669494746585828,0.0882841415116367,0.028410805954221578,1.8333333333333333,1.0999999999999999,50.63965884861407,50.0,1.0127931769722813,0.23529411764705882,5.22697641343072,1.7423254711435736,8.711627355717868,1.0651388513643207,5.019257559634173,4.393673110720562,3.195416554092962,13.181019332161686,0.3333333333333333,0.0,-4.507599796356832,19.39518494553752,,0.0,10.775510204081632,91.41276787774862,91.62218648810199,39.904655480087044,0.4448786349460459,48.07902272041136,0.9483667017913593,0.2876240645017732,-1.6329303339571786,-1.224697750467884,15.647412208575979
D. Robles,UE,10.666666666666666,3.0,2.0777777778,-0.03355456053103881,0.0,-0.020220776388865092,-0.02137866122765943,0.001157884838794336,0.0,0.0,0.0,0.0,0.0,0.0,0.0,0.0,0.0,0.0,0.0,0.0,0.0,0.0,,,0.0,7.610427300043415,,407.1771763576528,10.666666666666666,0.0,94.3611403112889,0.0,0.4568170575755377,25.0,-0.13404825737265416,0.0,-14.76203985325203,-11.071529889939022,3.78349960377291
G. Danting,UST,10.5,2.0,8.66666666665,0.009814206717257601,11.958070509714945,0.0037953235915322136,0.00998656918125429,-0.0061912455897220765,2.5,1.2999999999999998,53.76344086021505,57.14285714285714,1.075268817204301,0.14285714285714285,8.875739644987483,0.0,17.307692307725592,0.0,0.0,0.0,3.145002150702039,11.848341232227487,0.0,0.0,-5.822883869274365,23.477486833366125,,0.0,10.5,81.67382320246999,98.2597793100498,30.62768370092624,0.497569158982202,49.213749462324486,0.33003300330033003,0.15922388213724334,4.396980137349765,3.2977351030123234,15.898240320388593
R. Malaga III,UE,10.25,4.0,5.47083333335,-0.11752120585669905,0.02559221151962744,0.020603152091837294,0.014382319000596791,0.006220833091240504,0.75,-0.22499999999999987,51.54639175257733,33.33333333333333,1.0309278350515465,0.6666666666666666,2.2182950184420624,0.0,4.546952973125023,0.0,0.0,0.0,2.509527323331526,20.491803278688526,0.0,0.0,-4.646319929307063,10.578783757777213,,115.98192228402662,10.25,86.94628721671012,93.65374302838023,38.86134197895075,0.4733872920949115,47.705951502500454,-1.4745308310991958,0.10854795509308464,-6.9781121093238685,-5.233584081992902,9.962035387130681
A. Bagunu,FEU,10.0,6.0,8.188888888883334,-0.14540197300797955,4.8717374678513465,-0.008344139690679896,-0.06512432880325093,0.05678018911257104,1.5,0.4666666666666665,36.885245901639344,20.0,0.7377049180327869,0.5,8.159615147409014,5.43974343160601,10.87948686321202,2.216991856159723,8.37864642112719,10.416666666666668,5.542479640399307,26.041666666666668,0.4,0.2,-7.371703718121579,15.954799731810667,,47.04180640539788,9.795918367346939,65.77135550477054,87.22400465723196,29.498075585298324,0.5456844247867896,40.20232877622138,0.4214963119072708,0.24743582965269675,-5.349470412574684,-4.012102809431013,15.03538826302835
A. Ronzone,AdU,9.75,4.0,4.379166666675,-0.11081826729967491,-1.896158930842397,-0.035332243237785534,-0.030334670175300987,-0.004997573062484544,0.25,-0.2,0.0,0.0,0.0,0.0,2.5754204731570716,0.0,4.910837604729613,6.442556885298374,23.02728893646323,50.0,3.221278442649187,25.0,2.0,0.0,1.9880357663081185,5.399289453497643,,0.0,9.75,39.239107419650296,97.74361708703239,17.167109496097,0.3750557096440643,24.1946803893377,-0.21231422505307856,0.047619047619047616,-7.938019389656866,-5.953514542242649,7.760893833021135
F. Dignadice,AdU,9.5,4.0,1.68333333335,-0.010959076405677337,7.548552934377225,0.008998716297705137,0.005203511452925228,0.0037952048447799087,0.5,0.12500000000000006,33.33333333333333,33.33333333333333,0.6666666666666666,0.0,13.399836224091255,14.088365358135468,12.775471095370158,0.0,0.0,0.0,0.0,0.0,,,0.0,21.069256988541973,,0.0,9.5,83.36188382618572,91.6477003893682,40.98841931756006,0.5122138353415089,41.15100640496042,-0.10615711252653928,0.08008537288130614,0.2674035559762532,0.2005526669821899,2.983255098540072
K. Perciano,NU,8.833333333333334,6.0,5.672222222233334,-0.013097075287644403,10.046490068713604,0.016595971761297904,0.017961900516858576,-0.0013659287555606732,1.6666666666666667,0.4833333333333334,57.14285714285714,57.14285714285714,1.1428571428571428,0.0,3.9322917614769555,0.0,8.36194848883242,0.0,0.0,0.0,6.378906602329549,22.22222222222222,0.0,0.25,-11.810367872084234,23.421355461745538,,0.0,8.833333333333334,81.05608780255737,95.9831692859029,40.528043901278686,0.5054853392447869,46.262416206560474,-0.20855057351407716,0.2677815834239758,-4.888988978596864,-3.6667417339476485,10.451111894681182
M. Ona,FEU,8.5,6.0,7.713888888900001,-0.14901124192396425,4.348715961107597,0.09646746624003463,0.05811411114028907,0.03835335509974556,1.8333333333333333,0.21666666666666648,37.07627118644068,33.33333333333333,0.7415254237288136,0.1111111111111111,8.662061740911346,7.69961043636564,9.62451304545705,1.176754049684014,4.6795465614806,9.578544061302683,0.0,0.0,inf,,1.4228423453024106,9.29579428008278,,0.0,8.326530612244898,97.55941481531795,89.62074497273535,47.089888708762686,0.490751429781515,41.53992208727312,-1.053740779768177,0.2876240645017732,-1.3690959659764073,-1.0268219744823055,14.163254140609972
R. Go,UE,8.5,2.0,3.98333333335,-0.06522120324142919,-5.635391445362864,-0.01914934565513339,-0.02137866122765943,0.0022293155725260382,0.0,-0.4,0.0,0.0,0.0,0.0,6.093350123872623,0.0,12.489851995201597,0.0,0.0,0.0,0.0,0.0,,,0.0,5.954602113461862,,0.0,8.5,0.0,93.6856407675792,0.0,0.4726401122117892,25.0,-0.2680965147453083,0.0,-5.437506733462704,-4.078130050097028,7.253393625367683
F. Edu,ADMU,8.333333333333334,3.0,3.7722222222333333,-0.08003384454089976,-3.3951423440413584,-0.023854436294383635,-0.03518320130041734,0.011328765006033704,0.0,-0.3666666666666667,0.0,0.0,0.0,2.0,4.135816168002828,0.0,9.195367926828624,4.918527577507207,17.252261729383225,34.72222222222222,0.0,0.0,inf,inf,5.922937749939709,7.891362650338884,,0.0,8.130081300813009,23.242589488740037,88.32704311313566,10.001934001302065,0.661921167938336,55.0,-0.9685230024213075,0.0,3.740508270705242,2.8053812030289316,6.777095951595179
K. Ong,ADMU,7.6,5.0,6.32666666666,-0.06394186257670707,6.7570976676717605,0.0281325797237975,0.017007827349174436,0.011124752374623063,2.0,0.5800000000000001,66.66666666666666,66.66666666666666,1.3333333333333333,0.0,8.877405199426189,2.689006554183036,16.447984252743954,0.0,0.0,0.0,1.7595786223080871,25.0,0.0,0.0,-3.178352001231675,6.006586148467066,,150.0117082310444,7.414634146341463,91.64832576532874,93.10660315439645,45.307673864609335,0.5468269307101558,51.76457332192625,0.6053268765133172,0.2677815834239758,1.321138674720331,0.9908540060402483,11.366357687254382
J. Jones,FEU,7.5,2.0,1.20833333335,-0.02235201992729794,-7.770714504792761,0.0005643745118528271,0.0,0.0005643745118528271,0.0,-0.2,0.0,0.0,0.0,0.0,0.0,0.0,0.0,0.0,0.0,,0.0,,,,0.0,0.0,,0.0,7.346938775510204,,93.98313699549507,,0.39076593796698905,25.0,-0.2107481559536354,0.0,-8.667894585544225,-6.500920939158169,2.2185868027516893
J. Barcelona,AdU,7.0,2.0,3.63333333335,-0.19040371279920867,-41.84671505385145,-0.14910459972677195,-0.14370320600340522,-0.005401393723366737,-2.5,-2.4,0.0,0.0,0.0,0.0,6.2081810029376525,13.054356891552693,0.0,0.0,0.0,0.0,23.295162682673446,50.0,0.0,0.0,-43.130344755637665,39.045779006496275,,0.0,7.0,6.789486303130926,101.032361559273,3.090531387664003,0.3010589590186506,21.787080707642176,-1.3800424628450105,,-54.60209135900877,-40.951568519256575,6.439105064141385
E. Dela Cruz,NU,7.0,6.0,3.325000000016667,-0.09562429865006684,1.185672166131784,-0.015657835462086434,-0.03980929910924519,0.024151463647158755,0.8333333333333334,-0.10000000000000016,20.0,20.0,0.4,0.0,8.944293820007154,0.0,19.019881720015213,8.161483259346594,28.879128812788785,33.33333333333333,2.720494419782198,11.11111111111111,3.0,1.0,5.036919631312105,13.31840931571661,,0.0,7.0,56.735718471482556,87.00220334576635,27.382464106418798,0.7108313833968676,32.31987639505445,-0.4171011470281543,0.15922388213724334,3.8677006952746362,2.9007755214559774,6.126337383923396
Z. Mahmood,UST,6.75,4.0,5.0875,-0.12760256421504304,-1.7834965146062158,-0.05223700023799397,-0.05260525959453674,0.00036825935654276977,0.5,-0.25,33.33333333333333,33.33333333333333,0.6666666666666666,0.0,7.560007560007559,5.17263675158412,9.828009828009828,0.0,0.0,0.0,5.357579421333057,40.0,0.0,0.5,-9.91940904837624,11.846684942152637,,0.0,6.75,47.04937565975282,95.56503632140446,22.962395162069246,0.5597916993973879,38.02846582831689,-0.41254125412541254,0.08008537288130614,-5.819701031428917,-4.3647757735716874,9.332572803476827
E. Laure,UST,6.25,4.0,3.354166666675,-0.07154820349398112,0.10110143931343513,-0.020832524388690668,-0.014543458253783876,-0.006289066134906792,0.5,-0.07500000000000004,25.0,25.0,0.5,0.0,11.46679407546124,7.845701209526111,14.90683229809961,0.0,0.0,0.0,0.0,0.0,,,0.0,14.37495882169683,,0.0,6.25,66.0113440539055,99.06086344405716,32.23704231661985,0.4790718514043481,36.569140241905224,-0.24752475247524752,0.08008537288130614,-3.807640097044682,-2.8557300727835115,6.152924739408281
T. Garcia,NU,6.0,4.0,8.829166666675,-0.27264716329644556,-4.697342092270077,-0.1538330381380053,-0.12430687055749272,-0.029526167580512575,-0.25,-1.1,39.75265017667844,40.0,0.7950530035335689,0.3,2.526267036949534,0.0,5.37206192046976,3.0735552812577067,12.37629080844084,10.351966873706003,9.220665843773121,31.05590062111801,0.3333333333333333,0.0,-13.278071288637989,21.717617954297058,,0.0,6.0,55.21364156269768,101.69821092634447,28.412343147778895,0.3748132934034405,43.19483353905672,-1.8769551616266944,,-16.68042968690486,-12.510322265178644,16.267805659750447
M. Diassana,NU,6.0,1.0,4.0666666667,0.021180354780095816,21.288650764174665,0.01670800388398501,0.008629615066031373,0.008078388817953634,3.0,1.2999999999999998,0.0,0.0,0.0,0.0,21.93917971826737,20.70750647092604,23.3266377241657,0.0,0.0,,0.0,,,,0.0,0.0,,612.2032514744732,6.0,212.20653345754087,81.43088916119768,100.0,0.8382171608461199,29.141501294185208,0.20855057351407716,0.10854795509308464,8.758335275294018,6.568751456470514,7.492863767829916
B. Parks,NU,6.0,4.0,2.575,-0.0573138007916343,-0.3645378243868854,-0.030853654010942234,-0.039942044560280734,0.0090883905493385,0.5,-0.025000000000000022,0.0,0.0,0.0,0.0,12.99310643519688,0.0,27.62960973176254,5.269307152905523,17.008007937070367,33.33333333333333,5.269307152905523,33.33333333333333,1.0,0.0,-3.2519918008148934,8.598778830093146,,0.0,6.0,19.988536278611093,89.3590879847845,9.09777232614525,0.6569421981609839,23.68267321177362,0.4171011470281543,0.08008537288130614,1.8790147315039398,1.4092610486279549,4.744456770984563
H. Cruz-Dumont,UE,5.0,2.0,8.4583333333,-0.1811542417856744,-10.704336511761998,-0.0931943271133532,-0.10659612472002537,0.013401797606672176,0.5,-1.6500000000000001,0.0,0.0,0.0,0.0,14.347888469136842,11.206312889638633,17.6457613411474,3.246314655721495,11.367942402469962,16.666666666666664,12.985258622885977,66.66666666666666,0.25,0.0,-20.034870499910678,14.021181331319685,,0.0,5.0,25.13964708083698,90.00636828013569,11.269042629175836,0.5588242260762596,23.994947922206233,-1.0723860589812333,0.047619047619047616,-14.585963287852643,-10.939472465889482,15.402080606042635
I. Calum,UST,3.0,2.0,2.60833333335,0.017104534951636004,17.410437428607416,0.017838051057488702,0.025675524708380415,-0.007837473650891715,1.0,0.7,0.0,0.0,0.0,0.0,9.83042516582561,20.17824112985257,0.0,10.449847401606807,31.511225874016336,100.0,0.0,0.0,inf,,12.89840090307774,0.0,,0.0,3.0,224.89372365958062,106.48297554532843,100.0,0.30769273579542167,29.035648225970515,0.24752475247524752,0.08008537288130614,-1.3288206051530755,-0.9966154538648067,4.7847588656951885
M. Reyes,ADMU,2.0,1.0,2.4833333333,-0.013727306699145687,-0.29082676469256025,0.004273451108121774,0.0,0.004273451108121774,1.0,-0.10000000000000003,0.0,0.0,0.0,0.0,18.847108577985814,0.0,41.90372364039485,0.0,0.0,,0.0,,,,0.0,0.0,,0.0,1.951219512195122,,83.02938736087499,,0.7894914134505323,25.0,0.0,0.047619047619047616,17.41140897524863,13.058556731436472,4.461504993097878
N. Duque,FEU,0.0,1.0,0.4666666667,-0.002512106136166169,0.0,-0.00010473568947627457,0.0,-0.00010473568947627457,0.0,0.0,0.0,0.0,0.0,0.0,0.0,0.0,0.0,0.0,0.0,,0.0,,,,0.0,0.0,,0.0,0.0,,97.34010907719367,,0.3138245482786933,25.0,0.0,0.0,-8.42364,-6.317730000000001,0.8568335238707262
